cell_type,n,lesion_frac,AUROC tx,AUROC tx+img,AUROC img,ΔAUROC (img | tx)
Oligodendrocyte,29895,0.6049172102358253,0.927622908257687,0.9285734578252317,0.6500068795315648,0.0009505495675447007
Myeloid,29860,0.9423643670462156,0.9320493708300697,0.9287616949468026,0.6704731898810874,-0.0032876758832670605
Neuron,29988,0.28998265973055887,0.8456564921697703,0.849793026642639,0.4709952025552267,0.004136534472868658
Fibroblast,29183,0.9164924784977555,0.8836671100439671,0.8981843081256733,0.7161952986745843,0.01451719808170615
Astrocyte,29816,0.6027971558894554,0.9469983353256122,0.9465111615653565,0.7572668261495135,-0.00048717376025564363
Endothelial,27406,0.6448223016857623,0.9367621639643489,0.9375548601398374,0.7471159215857053,0.0007926961754884942
Schwann cell,20610,0.36700630761766134,0.9361880971476839,0.9397180849636478,0.7685656874714075,0.0035299878159639198
OPC,14183,0.6800394838891631,0.955349161427229,0.9583114856835923,0.8221829097802305,0.0029623242563632246
VSMC,8375,0.7912835820895522,0.7942504469096847,0.8068012109120204,0.6500898308321239,0.01255076400233568
Ependymal cell,3005,0.06156405990016639,0.948000766724171,0.9457983515430324,0.8164730688134944,-0.0022024151811386172
