cell_type,,group,names,scores,logfoldchanges,pvals,pvals_adj
Fibroblast,0,0,Ptgds,5.9663987,0.07907857,2.4254752206432855e-09,1.2372349100501399e-05
Fibroblast,1,0,Vtn,4.144691,0.07097371,3.4027210160778115e-05,0.03357994416949846
Fibroblast,2,0,Ogt,4.1103964,0.15791191,3.949807195000799e-05,0.03357994416949846
Fibroblast,3,0,Zic2,3.6284506,0.14494118,0.00028512729978571403,0.13222130510972066
Fibroblast,4,0,Igfbp2,3.561922,0.13190906,0.0003681495673765134,0.1564942452656329
Fibroblast,5,0,Gjb6,3.4771805,0.12496172,0.0005067166250790608,0.19021138348087355
Fibroblast,6,0,Rsrp1,3.4691815,0.034473088,0.0005220465337644049,0.19021138348087355
Fibroblast,7,0,Tgfbr3,3.402523,0.082343444,0.0006676671898937518,0.22517182006096928
Fibroblast,8,1,Cyb5r3,5.781401,0.19531743,7.40809485661913e-09,1.889434593180709e-05
Fibroblast,9,1,Mbp,4.460009,0.085230485,8.195622888972176e-06,0.013218344449588686
Fibroblast,10,1,Cavin1,4.4094095,0.19265397,1.03652965689776e-05,0.013218344449588686
Fibroblast,11,1,Msn,4.0412207,0.110383786,5.317368224272368e-05,0.038748421874304786
Fibroblast,12,1,Pink1,3.8349288,0.12699954,0.00012560065847427564,0.08008611985966001
Fibroblast,13,1,S100b,3.794565,0.2383506,0.0001479025775814658,0.08382789424922857
Fibroblast,14,1,Map4,3.7135959,0.124049805,0.00020433506177618856,0.1042313150120338
Fibroblast,15,1,Nek7,3.3871286,0.22851887,0.0007062829094247223,0.22517182006096928
Endothelial,0,0,Mbp,12.2428255,0.2504274,1.8352929403673625e-34,9.361829288813917e-31
Endothelial,1,0,Ckb,10.258594,0.21214199,1.0827255949056216e-24,2.761491629806788e-21
Endothelial,2,0,Aldoc,10.059836,0.2433391,8.313646028844986e-24,1.4135969464379424e-20
Endothelial,3,0,Aqp4,9.194152,0.34231907,3.77964701348385e-20,3.797054825928665e-17
Endothelial,4,0,Map2,9.166774,0.3068437,4.8738757198277835e-20,3.797054825928665e-17
Endothelial,5,0,Ndrg2,9.159567,0.1622816,5.210622188100501e-20,3.797054825928665e-17
Endothelial,6,0,S100b,9.008468,0.2762448,2.089561662059178e-19,1.0735512690922512e-16
Endothelial,7,0,Ttyh1,9.007681,0.23883027,2.1045898237448563e-19,1.0735512690922512e-16
Endothelial,8,1,Vwf,9.434589,0.24355967,3.925278441242274e-21,5.00571133219421e-18
Endothelial,9,1,Tgm2,9.046432,0.16808692,1.4771705030871958e-19,9.418808420309732e-17
Endothelial,10,1,Neat1,8.98562,0.26695222,2.5728076293906304e-19,1.193081065229237e-16
Endothelial,11,1,Rsrp1,8.766987,0.20078193,1.835113207441675e-18,7.200701900892295e-16
Endothelial,12,1,H2-D1,7.606254,0.106710814,2.8215443185880133e-14,5.757079027646983e-12
Endothelial,13,1,Zbtb16,6.773074,0.20342119,1.260742597848001e-11,1.8914847034184273e-09
Endothelial,14,1,Ackr1,6.658068,0.21182224,2.774497346580154e-11,3.628900247411632e-09
Endothelial,15,1,Txnip,6.524189,0.13604699,6.837045090214517e-11,8.303754048853393e-09
Schwann cell,0,0,Pmp22,4.6028314,0.101038694,4.167860765376917e-06,0.021260257764187655
Schwann cell,1,0,Mbp,2.0476837,0.0454427,0.0405910111365407,1.0
Schwann cell,2,0,S100a1,1.8991107,0.23680815,0.05754992266975784,1.0
Schwann cell,3,0,Mt2,1.8659421,0.054594573,0.06204945897693914,1.0
Schwann cell,4,0,Mast2,1.8650253,0.08606744,0.06217786517191605,1.0
Schwann cell,5,0,Smtn,1.856955,0.06973428,0.0633175546341016,1.0
Schwann cell,6,0,Lox,1.820916,0.33128127,0.0686196110514925,1.0
Schwann cell,7,0,Nfkbib,1.7746508,0.27363148,0.07595555981083274,1.0
Schwann cell,8,1,Hspa5,4.4335847,0.16668533,9.26791399427781e-06,0.023637814642405552
Schwann cell,9,1,Marcks,4.1835084,0.14832133,2.870442398201051e-05,0.0488070889107452
Schwann cell,10,1,Tgm2,3.8946137,0.34589222,9.83553475836001e-05,0.09295375370612181
Schwann cell,11,1,Map4,3.859057,0.12215434,0.0001138253647116836,0.09295375370612181
Schwann cell,12,1,Ybx3,3.795024,0.1411457,0.00014762927772325523,0.09295375370612181
Schwann cell,13,1,Cyfip1,3.7824082,0.14047876,0.00015531842373165785,0.09295375370612181
Schwann cell,14,1,Axl,3.7806377,0.15963295,0.00015642710382553047,0.09295375370612181
Schwann cell,15,1,Rhoc,3.7688463,0.13956486,0.00016400387832877795,0.09295375370612181
DC,0,0,Arg1,7.916028,0.39013922,2.4521835495367557e-15,1.250858828618699e-11
DC,1,0,Rab7,6.7203646,0.16338475,1.8127062029231416e-11,4.623307170555473e-08
DC,2,0,Tgm2,5.7765293,0.17977059,7.625719960607383e-09,7.651012019414369e-06
DC,3,0,Hal,5.6414037,0.6189211,1.6866943680013885e-08,1.2291182815964405e-05
DC,4,0,Neat1,5.5751534,0.23903468,2.4731166278227978e-08,1.5769209898155115e-05
DC,5,0,Pkm,5.1961784,0.18976097,2.0342680135011552e-07,7.982154720668763e-05
DC,6,0,Marcks,4.985175,0.18132329,6.1905643217571e-07,0.00021052045736855312
DC,7,0,Chil1,4.8959427,0.25777507,9.7835696643298e-07,0.0003119124303609144
DC,8,1,H2-K1,5.8367596,0.09498849,5.322575710649535e-09,7.651012019414369e-06
DC,9,1,H2-Eb1,5.8133135,0.14722194,6.1248188467283175e-09,7.651012019414369e-06
DC,10,1,Mbp,5.7485833,0.08288996,8.999426017738917e-09,7.651012019414369e-06
DC,11,1,Rsrp1,5.4980674,0.10292675,3.839757165242267e-08,2.1762890333223118e-05
DC,12,1,H2-T23,5.385251,0.1368687,7.234366410568638e-08,3.6902503060310626e-05
DC,13,1,H2-Aa,5.2944174,0.11934717,1.1939645595663946e-07,5.536739289407436e-05
DC,14,1,Il10ra,5.2525353,0.12876944,1.5001947196884402e-07,6.377077720942278e-05
DC,15,1,Itgb5,5.03832,0.20227611,4.6963579761442205e-07,0.0001711151574022262
Ependymal cell,0,0,Lamb2,3.264547,0.2648005,0.0010963922527027136,1.0
Ependymal cell,1,0,Dctn1,3.2259412,0.33808488,0.0012555912338770114,1.0
Ependymal cell,2,0,Fabp7,3.121786,0.6271449,0.0017975745685603192,1.0
Ependymal cell,3,0,Msi1,3.0943418,0.3894219,0.0019725012455969393,1.0
Ependymal cell,4,0,Prpf8,3.0715177,0.26783976,0.0021297345079107372,1.0
Ependymal cell,5,0,Nadk2,3.017993,0.3511245,0.0025445486809182478,1.0
Ependymal cell,6,0,Rbpj,3.0046604,0.38615832,0.002658775472246234,1.0
Ependymal cell,7,0,Npc1,2.8617325,0.3072467,0.004213324671565258,1.0
Ependymal cell,8,1,Dst,4.146609,0.2177084,3.3743572182973106e-05,0.1721259617053458
Ependymal cell,9,1,Lama5,3.1068392,0.27579573,0.001890991893607704,1.0
Ependymal cell,10,1,Adamts20,3.0054398,0.18665831,0.002651971467472606,1.0
Ependymal cell,11,1,Igsf9b,2.9962544,0.23802073,0.0027331823033953408,1.0
Ependymal cell,12,1,Meis1,2.9746552,0.39334902,0.0029331799350879773,1.0
Ependymal cell,13,1,Cpsf6,2.789642,0.3097577,0.005276632555027353,1.0
Ependymal cell,14,1,Cfap65,2.782628,0.29403803,0.005392059546184931,1.0
Ependymal cell,15,1,Plekha5,2.7472231,0.39329448,0.006010224790639777,1.0
