runs,distance_to_gm,lo,channel,animals,ratio,q25,q75,share_lower,p
runs 1-3,"(0, 10]",0,ATP1A1/CD45/E-Cad,17,0.8329,0.7135,0.9122,0.8235,0.0202
runs 1-3,"(0, 10]",0,DAPI,17,1.3627,1.2384,1.6719,0.1176,0.0004
runs 1-3,"(10, 20]",10,ATP1A1/CD45/E-Cad,26,0.8579,0.7004,0.9292,0.7692,0.0024
runs 1-3,"(10, 20]",10,DAPI,26,1.2089,0.9709,1.5315,0.3077,0.0039
runs 1-3,"(20, 30]",20,ATP1A1/CD45/E-Cad,26,0.8249,0.7371,0.9262,0.9231,0.0
runs 1-3,"(20, 30]",20,DAPI,26,1.0971,0.9956,1.2738,0.2692,0.0007
runs 1-3,"(30, 40]",30,ATP1A1/CD45/E-Cad,27,0.8031,0.678,0.9175,0.8889,0.0
runs 1-3,"(30, 40]",30,DAPI,27,1.1092,0.9579,1.2348,0.2963,0.003
runs 1-3,"(40, 50]",40,ATP1A1/CD45/E-Cad,26,0.8004,0.6871,0.9848,0.8077,0.0002
runs 1-3,"(40, 50]",40,DAPI,26,1.0774,0.9691,1.1909,0.3077,0.0382
runs 1-3,"(50, 75]",50,ATP1A1/CD45/E-Cad,27,0.843,0.7111,1.0274,0.6667,0.0055
runs 1-3,"(50, 75]",50,DAPI,27,1.0891,0.9863,1.2293,0.2963,0.005
runs 1-3,"(75, 100]",75,ATP1A1/CD45/E-Cad,22,0.976,0.862,1.1272,0.5,0.7502
runs 1-3,"(75, 100]",75,DAPI,22,1.1187,1.0184,1.2939,0.2273,0.0042
runs 1-3,"(100, 150]",100,ATP1A1/CD45/E-Cad,22,0.9734,0.8767,1.1043,0.5909,0.6556
runs 1-3,"(100, 150]",100,DAPI,22,1.2062,1.0756,1.3811,0.0909,0.0
runs 1-3,"(150, 200]",150,ATP1A1/CD45/E-Cad,18,1.0293,0.9382,1.1099,0.4444,0.7019
runs 1-3,"(150, 200]",150,DAPI,18,1.3797,1.014,1.4714,0.2222,0.001
runs 1-3,"(200, 300]",200,ATP1A1/CD45/E-Cad,19,1.0497,0.9427,1.1442,0.4211,0.5678
runs 1-3,"(200, 300]",200,DAPI,19,1.217,1.0015,1.4537,0.2632,0.0024
runs 1-3,"(300, 400]",300,ATP1A1/CD45/E-Cad,8,1.0086,0.7929,1.1227,0.5,0.8438
runs 1-3,"(300, 400]",300,DAPI,8,1.2675,1.199,1.8463,0.0,0.0078
runs 5/6,"(0, 10]",0,ATP1A1/CD45/E-Cad,13,0.9152,0.822,1.0353,0.6923,0.1099
runs 5/6,"(0, 10]",0,DAPI,13,0.9809,0.8474,1.0974,0.6154,0.4973
runs 5/6,"(10, 20]",10,ATP1A1/CD45/E-Cad,15,0.8973,0.8362,0.9558,0.8,0.0215
runs 5/6,"(10, 20]",10,DAPI,15,1.0263,0.9478,1.0728,0.4,0.6387
runs 5/6,"(20, 30]",20,ATP1A1/CD45/E-Cad,14,0.893,0.7734,0.9846,0.7143,0.0052
runs 5/6,"(20, 30]",20,DAPI,14,0.9916,0.965,1.0551,0.5,0.9515
runs 5/6,"(30, 40]",30,ATP1A1/CD45/E-Cad,14,0.8441,0.791,1.0185,0.7143,0.0203
runs 5/6,"(30, 40]",30,DAPI,14,0.9882,0.9507,1.0409,0.7143,0.4263
runs 5/6,"(40, 50]",40,ATP1A1/CD45/E-Cad,16,0.8449,0.7811,0.9286,0.875,0.0027
runs 5/6,"(40, 50]",40,DAPI,16,1.0394,0.9549,1.0953,0.375,0.4037
runs 5/6,"(50, 75]",50,ATP1A1/CD45/E-Cad,16,0.8733,0.806,1.0051,0.6875,0.0182
runs 5/6,"(50, 75]",50,DAPI,16,1.1249,1.0046,1.1586,0.25,0.0386
runs 5/6,"(75, 100]",75,ATP1A1/CD45/E-Cad,15,0.9496,0.9109,1.0813,0.6,0.5995
runs 5/6,"(75, 100]",75,DAPI,15,1.125,1.0316,1.2475,0.1333,0.0012
runs 5/6,"(100, 150]",100,ATP1A1/CD45/E-Cad,14,1.0245,0.939,1.296,0.4286,0.2958
runs 5/6,"(100, 150]",100,DAPI,14,1.2478,1.1629,1.2861,0.0,0.0001
runs 5/6,"(150, 200]",150,ATP1A1/CD45/E-Cad,10,0.9624,0.8841,1.1895,0.6,1.0
runs 5/6,"(150, 200]",150,DAPI,10,1.127,1.1066,1.4019,0.1,0.0059
runs 5/6,"(200, 300]",200,ATP1A1/CD45/E-Cad,6,1.1876,1.0584,1.3856,0.1667,0.2188
runs 5/6,"(200, 300]",200,DAPI,6,1.3809,1.3263,1.4497,0.0,0.0312
