runs,animal,effect
runs 1-3,C_L_1,-0.06560585779819239
runs 1-3,C_L_2,-0.7764194703015374
runs 1-3,C_L_3,0.19246072372852743
runs 1-3,C_L_4,-0.3755012703254564
runs 1-3,C_L_5,0.09982480396231871
runs 1-3,C_NS_3,-1.2917226790911802
runs 1-3,C_OS1_1,-0.3700756985149406
runs 1-3,C_OS1_2,-0.18796236150065107
runs 1-3,C_OS1_3,-0.8013233347089023
runs 1-3,C_OS1_4,-0.24513631714847356
runs 1-3,C_P1_2,-0.7088566218131297
runs 1-3,C_P1_3,-0.31047467694793024
runs 1-3,RR_MP_1,-0.2627040781547096
runs 1-3,RR_MP_2,-0.10056679876467324
runs 1-3,RR_MP_3,0.07005677976133944
runs 1-3,RR_MP_4,-0.13181398150973891
runs 1-3,RR_OS1_1,-0.1103471608344534
runs 1-3,RR_OS1_2,-0.2386980135803891
runs 1-3,RR_OS2_1,0.027041598081001813
runs 1-3,RR_OS2_2,0.2613655770400103
runs 1-3,RR_P1_3,-0.5974524361136022
runs 1-3,RR_P2M_1,-0.31777506007765116
runs 1-3,RR_P2M_2,-0.32574215314921867
runs 1-3,RR_P2_3,-0.25569456604364166
runs 1-3,RR_P3_1,-0.09783754028996107
runs 1-3,RR_P3_2,0.07560965618742445
runs 1-3,RR_P3_3,-0.49805676620619105
runs 1-3,RR_R1_1,-0.3412730427763307
runs 1-3,RR_R1_2,-0.051894651535104974
runs 1-3,RR_R1_3,-0.25309049427269564
runs 1-3,RR_R2LONG_1,-0.13163651243992194
runs 5/6,C_M16_1,-0.22964747039814154
runs 5/6,C_M16_2,0.01202580353641677
runs 5/6,C_M16_3,-0.0699794748662959
runs 5/6,C_OS1_5,-0.25264197263161414
runs 5/6,C_P1_5,-0.6036868180020631
runs 5/6,C_P1_6,-0.5223712051158349
runs 5/6,C_S16_1,0.0700246681172863
runs 5/6,C_S16_2,0.11856486889726922
runs 5/6,C_S16_3,-0.40980006551327486
runs 5/6,C_S30_1,-0.27433783198734024
runs 5/6,C_S30_2,0.012021159201472337
runs 5/6,RR_P3_4,-0.2707221930732152
runs 5/6,RR_P3_5,-0.0076856256928165235
runs 5/6,RR_R1_4,-0.1779225352536991
runs 5/6,RR_R1_6,-0.22705360043747
runs 5/6,RR_R2_3,0.006815186291588546
runs 5/6,RR_R2_4,-0.056637603334499756
runs 5/6,RR_R2_5,-0.20255820004476555
