measure,chronic PEAK1,RR PEAK1,n chronic PEAK1,n RR PEAK1,diff,p
lesion share,0.8712109821087519,0.9331340659081374,6,4,0.06192308379938549,0.11428571428571428
S0: astro reactivity + oligo disease state,0.18358576432954604,0.16757844687000356,6,4,-0.01600731745954248,1.0
S1: monocyte-derived myeloid + microglia homeostasis loss,0.38099552017390614,0.3161583946069596,6,4,-0.06483712556694654,0.2571428571428571
S2: fibrosis + myelinating oligo loss,0.027476428504424638,0.010582620200125615,6,4,-0.016893808304299023,0.11428571428571428
S3: astro reactivity + MHC-II / IFN,0.08778231904609332,0.13139460589742732,6,4,0.043612286851334,0.47619047619047616
S4: monocyte-derived myeloid + oligo disease state,0.1686618331289058,0.256471702661907,6,4,0.08780986953300118,0.009523809523809525
S5: infiltration + microglia homeostasis loss,0.03404396778157098,0.05364070963916352,6,4,0.01959674185759254,0.35238095238095235
MOL per WM cell,0.011027395343579145,0.009849353987849979,6,4,-0.001178041355729166,1.0
neurons per GM cell,0.28131883736032925,0.2951958062210762,6,4,0.013876968860746963,0.7619047619047619
frac B cell,0.0027351421701115285,0.013816184564692816,6,4,0.011081042394581287,0.17142857142857143
frac T cell,0.05805526469118534,0.06729069057809522,6,4,0.009235425886909884,0.47619047619047616
frac MDM,0.1767059466456517,0.11858608135922448,6,4,-0.05811986528642722,1.0
frac Reactive astro,0.05680828903390979,0.056610061739122586,6,4,-0.0001982272947872038,0.7619047619047619
frac DAO,0.07670944517319726,0.09061558494219013,6,4,0.013906139768992867,0.35238095238095235
lesion axis: infiltration,1.2453668117523193,1.3370285034179688,6,4,0.09166169166564941,0.6095238095238095
lesion axis: monocyte-derived myeloid,8.576742172241211,6.970547676086426,6,4,-1.6061944961547852,0.9142857142857143
lesion axis: lipid-assoc. myeloid,9.072017669677734,5.404784202575684,6,4,-3.667233467102051,0.009523809523809525
lesion axis: MHC-II / IFN,9.615285873413086,10.291650772094727,6,4,0.6763648986816406,0.7619047619047619
lesion axis: astro reactivity,2.901515245437622,3.252027988433838,6,4,0.3505127429962158,0.47619047619047616
lesion axis: oligo disease state,1.8133814334869385,1.9683232307434082,6,4,0.15494179725646973,0.47619047619047616
lesion axis: myelinating oligo loss,1.803004503250122,1.6562992334365845,6,4,-0.1467052698135376,0.2571428571428571
lesion axis: microglia homeostasis loss,-0.8939245939254761,-0.3344620168209076,6,4,0.5594625473022461,0.17142857142857143
lesion axis: fibrosis,1.6237176656723022,1.438490867614746,6,4,-0.18522679805755615,0.35238095238095235
lesion axis: cellularity,2.483872413635254,2.0820255279541016,6,4,-0.40184688568115234,0.35238095238095235
WM lesion neuropil index,0.43225767381434993,0.8167917167284713,4,2,0.38453404291412135,0.13333333333333333
img lesion: neuropil index,0.620051203821969,1.064265115956033,6,4,0.444213912134064,0.17142857142857143
img lesion: tissue vimentin (z),0.2536281735239397,0.0801461122594041,6,4,-0.17348206126453558,0.17142857142857143
img lesion: astro vimentin (z),2.5904453863580374,0.18225836553268276,6,4,-2.4081870208253546,0.0380952380952381
img lesion: myeloid 18S texture (z),0.03884154382780658,0.04122253550622223,6,4,0.002380991678415649,0.7619047619047619
img non-lesion: neuropil index,1.0,1.0,6,4,0.0,1.0
img non-lesion: tissue vimentin (z),-0.08206192898526328,-0.18796908508394006,6,4,-0.10590715609867678,0.0380952380952381
img non-lesion: astro vimentin (z),0.5822452512583702,-0.4334984193802438,6,3,-1.015743670638614,0.047619047619047616
img non-lesion: myeloid 18S texture (z),-0.18971983439789025,-0.14557079841884324,6,3,0.04414903597904701,0.9047619047619047
frac CAM,0.015111891245550582,0.009220870831208178,6,4,-0.005891020414342404,0.01904761904761905
frac Chol neuron,0.0034191704734372504,0.003885909344647112,6,4,0.0004667388712098616,0.7619047619047619
frac DC,0.0881124062658937,0.10159606377520969,6,4,0.013483657509315988,0.6095238095238095
frac EAE fibroblast,0.022289869731902258,0.027745783010618814,6,4,0.0054559132787165565,0.9142857142857143
frac Endothelial,0.06935164718879328,0.07323806030195013,6,4,0.0038864131131568502,0.9142857142857143
frac Ependymal,0.0045358595413718785,0.004787797291480737,6,4,0.00025193775010885853,0.9142857142857143
frac Exc neuron,0.05019763755545453,0.054326323029696685,6,4,0.0041286854742421525,0.47619047619047616
frac Fibroblast,0.06001996480846275,0.04608198382247994,6,4,-0.013937980985982812,0.35238095238095235
frac Homeostatic astro,0.019113863387321305,0.011734486411751094,6,4,-0.007379376975570211,0.35238095238095235
frac Inh neuron,0.03971189171443089,0.03919134165355692,6,4,-0.0005205500608739672,0.9142857142857143
frac MOL,0.041688608902249805,0.049191797664234455,6,4,0.00750318876198465,1.0
frac Microglia,0.11250039892665317,0.08183125813596198,6,4,-0.03066914079069119,0.2571428571428571
frac NFOL,0.004705045736716481,0.005539150171921518,6,4,0.0008341044352050374,0.9142857142857143
frac NK/DC,0.010809247486953156,0.010517808891159653,6,4,-0.00029143859579350284,0.6095238095238095
frac Neutrophil,0.0003216002090250798,0.00020648200966916067,6,4,-0.00011511819935591913,0.47619047619047616
frac OPC/COP,0.028043836095490306,0.03602230133892196,6,4,0.007978465243431654,1.0
frac Schwann,0.02393287904110172,0.028406717336361756,6,4,0.004473838295260036,0.7619047619047619
frac VSMC,0.01250730403920237,0.012369263757048552,6,4,-0.0001380402821538184,1.0
frac other,0.012894604093855948,0.0156389197158094,6,4,0.002744315621953451,0.0380952380952381
first_peak,3.0,2.875,6,4,-0.125,0.7312061997489503
onset_day,11.0,13.5,6,4,2.5,0.1175248680966392
max_weight_loss_pct,14.19173553719008,21.895389380726172,6,4,7.703653843536092,0.11428571428571428
