measure,MILD16,SEVERE16,diff,p,MILD30,SEVERE30,diff (30),same direction
lesion share,0.2828498293515358,0.5175287736473079,0.23467894429577207,0.1,0.29841007260362096,0.4243720239690067,0.12596195136538574,True
S0: astro reactivity + oligo disease state,0.043373151308304894,0.12162162162162163,0.07824847031331673,0.2,0.0670609924719619,0.08338419918518804,0.016323206713226138,True
S1: monocyte-derived myeloid + microglia homeostasis loss,0.009812286689419795,0.03929091149622966,0.029478624806809864,0.1,0.004595165885488466,0.028625948596943538,0.024030782711455072,True
S2: fibrosis + myelinating oligo loss,0.10110921501706485,0.11009928911344809,0.008990074096383235,0.7,0.1259748050389922,0.19621178649765125,0.07023698145865906,True
S3: astro reactivity + MHC-II / IFN,0.033378680400349824,0.07264277852513147,0.03926409812478165,0.1,0.01893208344821248,0.03515531863795809,0.016223235189745607,True
S4: monocyte-derived myeloid + oligo disease state,0.01151877133105802,0.05481464073791199,0.043295869406853975,0.1,0.016818307140887785,0.033637052690330516,0.01681874554944273,True
S5: infiltration + microglia homeostasis loss,0.04703138664852784,0.056255350372997434,0.009223963724469597,0.7,0.023429098171762176,0.04735771836093527,0.02392862018917309,True
MOL per WM cell,0.1508524833209785,0.08298611111111111,-0.0678663722098674,0.2,0.12248722316865418,0.09199297876611796,-0.030494244402536216,True
neurons per GM cell,0.41444539982803097,0.3590566340446013,-0.05538876578342966,0.1,0.37486744432661717,0.39759269269320696,0.02272524836658979,False
frac B cell,0.0062933470331363985,0.007758765307834256,0.0014654182746978578,0.4,0.0011335458731845554,0.007179202321720658,0.006045656448536102,True
frac T cell,0.02366707724793243,0.032910723718964606,0.009243646471032176,0.1,0.015875682486350275,0.027751762323760976,0.011876079837410701,True
frac MDM,0.0016696634985872078,0.005074651904042946,0.003404988405455738,0.4,0.00201311399976993,0.0044917215465295045,0.0024786075467595745,True
frac Reactive astro,0.04867711276650398,0.0485472794506075,-0.00012983331589647845,1.0,0.04782146652497343,0.06038318953156406,0.012561723006590628,False
frac DAO,0.04906241972771641,0.06420902533132025,0.015146605603603841,0.7,0.05915692525681899,0.06239878807005429,0.0032418628132353036,True
lesion axis: infiltration,1.2376275062561035,1.2640562057495117,0.026428699493408203,1.0,0.7047975063323975,0.9416645765304565,0.23686707019805908,True
lesion axis: monocyte-derived myeloid,0.9273698925971985,1.6677354574203491,0.7403655648231506,0.1,0.7000318765640259,1.3401970863342285,0.6401652097702026,True
lesion axis: lipid-assoc. myeloid,8.084702491760254,9.682217597961426,1.5975151062011719,0.4,11.85890007019043,12.957608222961426,1.098708152770996,True
lesion axis: MHC-II / IFN,5.200767517089844,6.341128349304199,1.1403608322143555,0.4,3.1415064334869385,4.658755302429199,1.5172488689422607,True
lesion axis: astro reactivity,2.4921770095825195,2.3594014644622803,-0.13277554512023926,1.0,2.648303508758545,2.5093460083007812,-0.13895750045776367,True
lesion axis: oligo disease state,1.3701283931732178,1.9484726190567017,0.5783442258834839,0.7,2.3275725841522217,2.005781412124634,-0.3217911720275879,False
lesion axis: myelinating oligo loss,1.495549201965332,1.4402928352355957,-0.05525636672973633,1.0,1.6721500158309937,1.7110865116119385,0.038936495780944824,False
lesion axis: microglia homeostasis loss,-1.665106177330017,-1.7261031866073608,-0.06099700927734375,1.0,-1.0531084537506104,-1.492793321609497,-0.4396848678588867,True
lesion axis: fibrosis,1.8925381898880005,1.1796966791152954,-0.7128415107727051,0.1,1.4477380514144897,1.4803581237792969,0.03262007236480713,False
lesion axis: cellularity,1.5786900520324707,2.3090217113494873,0.7303316593170166,0.1,1.7789170742034912,2.2076642513275146,0.42874717712402344,True
WM lesion neuropil index,1.085429009406367,1.1081727656385336,0.022743756232166623,1.0,0.6674227484843805,0.9380074206380787,0.2705846721536982,True
img lesion: neuropil index,1.0912770712081206,1.1052298983174869,0.013952827109366295,1.0,0.7564769221236417,0.9493315322581652,0.19285461013452354,True
img lesion: tissue vimentin (z),0.3919346933701024,0.026247806019263853,-0.36568688735083854,0.1,1.80099297955575,0.8539734454681231,-0.9470195340876268,True
img lesion: astro vimentin (z),2.332695252620839,0.6668117804555365,-1.6658834721653026,0.2,4.411958193595709,2.043190318818018,-2.368767874777691,True
img lesion: myeloid 18S texture (z),0.08654461074353788,0.04403569594908899,-0.04250891479444889,0.1,0.09762455022727864,0.21759251974560645,0.1199679695183278,False
img non-lesion: neuropil index,1.0,1.0,0.0,1.0,1.0,1.0,0.0,True
img non-lesion: tissue vimentin (z),-0.03145808366521614,-0.013676895166577252,0.017781188498638884,0.4,-0.07120873924592103,-0.05085754757658999,0.02035119166933104,True
img non-lesion: astro vimentin (z),-0.05326643224379594,-0.06960969575019255,-0.01634326350639661,1.0,-0.10383580887753042,-0.19031921574290805,-0.08648340686537763,True
img non-lesion: myeloid 18S texture (z),-0.1836140915989577,-0.23026153477434713,-0.046647443175389436,0.2,-0.09592203398794028,-0.09995109708191521,-0.004029063093974938,True
