sample_name,lesion_state,neuropil index,tissue vimentin (z),astro vimentin (z),myeloid 18S texture (z),n,group,arm,stage,run
C_CFA_1,S5: infiltration + microglia homeostasis loss,0.750797531156379,-0.14957501486457686,3.251146217503103,-2.439127591884414,67,control,chronic,MOG CFA,run1
C_CFA_1,no lesion,1.0,-0.07371712263628832,-0.18378541422297295,-0.25221257393704005,10889,control,chronic,MOG CFA,run1
C_CFA_1,not scored,,0.6104363543179292,2.237760290355477,-0.9201180430229284,1069,control,chronic,MOG CFA,run1
C_CFA_2,S5: infiltration + microglia homeostasis loss,0.966136845462934,-0.22962263123674256,1.3319830423583747,-0.7533004412089674,71,control,chronic,MOG CFA,run1
C_CFA_2,no lesion,1.0,-0.05724887827270034,-0.17366121913328156,-0.08382164610922767,12414,control,chronic,MOG CFA,run1
C_CFA_2,not scored,,1.7866064629766947,0.748633071326158,-0.6053504578166194,1453,control,chronic,MOG CFA,run1
C_CFA_3,S5: infiltration + microglia homeostasis loss,1.1114153717419817,0.4345720208626884,-0.1628569137681837,0.5798391269829349,63,control,chronic,MOG CFA,run1
C_CFA_3,no lesion,1.0,-0.060723282000848595,-0.2016157301867896,-0.18334645164978372,6416,control,chronic,MOG CFA,run1
C_CFA_3,not scored,,0.04658611866152538,0.6408680545417064,-0.08707380309722686,1549,control,chronic,MOG CFA,run1
C_CFA_4,no lesion,1.0,-0.003979430726630255,-0.07066629154164676,-0.3640994564659781,5121,control,chronic,CFA,run5
C_CFA_4,not scored,,3.9002656752431486,1.6051293982950876,-1.0419706113865799,564,control,chronic,CFA,run5
C_CFA_6,S5: infiltration + microglia homeostasis loss,0.9724476505123585,-0.0579026221506589,3.3711230964263943,0.6413401009380828,58,control,chronic,CFA,run5
C_CFA_6,no lesion,1.0,-0.025705267017506587,-0.057718696417252476,-0.7133264576347533,8482,control,chronic,CFA,run5
C_CFA_6,not scored,,0.9794715260327335,0.20201553205766054,-1.2842890314895579,1444,control,chronic,CFA,run5
C_L_1,S0: astro reactivity + oligo disease state,0.7491063041203564,0.2924882685165596,2.6222080230982936,-0.037259811335772074,756,chronic late,chronic,MILD30,run1
C_L_1,S2: fibrosis + myelinating oligo loss,0.8910380322163506,4.209263375267481,5.746378359955761,0.12704166479021436,1608,chronic late,chronic,MILD30,run1
C_L_1,S3: astro reactivity + MHC-II / IFN,0.8290383231582121,0.10800726119074695,2.4824932300542324,-0.17804814102959793,230,chronic late,chronic,MILD30,run1
C_L_1,S4: monocyte-derived myeloid + oligo disease state,0.5660118324826553,1.3102162133373556,2.2902337866425455,0.32433607371194867,147,chronic late,chronic,MILD30,run1
C_L_1,S5: infiltration + microglia homeostasis loss,0.6150489166252722,0.18218010365509105,-0.151191733731881,0.37579807758471206,293,chronic late,chronic,MILD30,run1
C_L_1,no lesion,1.0,-0.07120873924592103,-0.2163121790087498,-0.07623819414129357,9598,chronic late,chronic,MILD30,run1
C_L_1,not scored,,1.1163367051587274,0.9128583817118079,-0.36501691853002316,3662,chronic late,chronic,MILD30,run1
C_L_2,S0: astro reactivity + oligo disease state,0.5984334266588665,-0.049050650172468443,1.083956050217186,-0.1408012876663609,455,chronic late,chronic,MILD30,run1
C_L_2,S2: fibrosis + myelinating oligo loss,0.46563037611707925,4.132449099694162,3.7310534142994727,0.18108648477791894,2333,chronic late,chronic,MILD30,run1
C_L_2,S3: astro reactivity + MHC-II / IFN,0.5989240672470172,0.028343829679036855,0.04489109126903337,-0.08418664380294004,395,chronic late,chronic,MILD30,run1
C_L_2,S4: monocyte-derived myeloid + oligo disease state,0.3353107009100852,-0.08397333899061413,1.249371529338808,0.02105909329405523,86,chronic late,chronic,MILD30,run1
C_L_2,S5: infiltration + microglia homeostasis loss,0.9963828901968721,-0.017266516981011226,0.08655983333553133,-0.2731920046090551,418,chronic late,chronic,MILD30,run1
C_L_2,no lesion,1.0,-0.033882048065981066,-0.10383580887753042,-0.09592203398794028,10973,chronic late,chronic,MILD30,run1
C_L_2,not scored,,1.8242844502265045,2.2129913241051016,-0.012782998384950926,1235,chronic late,chronic,MILD30,run1
C_L_3,S0: astro reactivity + oligo disease state,1.0930207757104031,-0.04535416686647069,1.5624052316833374,-0.016981276545398345,1621,chronic late,chronic,MILD30,run1
C_L_3,S1: monocyte-derived myeloid + microglia homeostasis loss,0.4894994644042435,5.226333348790088,6.618854031108474,0.035515156282707315,2787,chronic late,chronic,MILD30,run1
C_L_3,S2: fibrosis + myelinating oligo loss,1.116360990465995,6.177976504527095,5.7815640119247345,0.15739117928444213,1673,chronic late,chronic,MILD30,run1
C_L_3,S3: astro reactivity + MHC-II / IFN,1.0623683634213386,-0.0028319470319404707,1.2511146760565195,0.16546091282083447,285,chronic late,chronic,MILD30,run1
C_L_3,S4: monocyte-derived myeloid + oligo disease state,0.6725136308824649,2.235646684060586,6.168875179382628,0.04609662718377768,1551,chronic late,chronic,MILD30,run1
C_L_3,S5: infiltration + microglia homeostasis loss,0.922383300506624,0.9857290847050546,3.6249335353976933,-0.5186592190645196,432,chronic late,chronic,MILD30,run1
C_L_3,no lesion,1.0,-0.08677848182175496,-0.05583792511154395,0.0034992044049364196,9428,chronic late,chronic,MILD30,run1
C_L_3,not scored,,1.2552988732846702,1.9557821401475999,-0.28390079258618284,1602,chronic late,chronic,MILD30,run1
C_L_4,S0: astro reactivity + oligo disease state,0.7393675244962208,0.4733432041855116,11.589532597078165,0.01886030766144667,756,chronic late,chronic,MILD30,run1
C_L_4,S2: fibrosis + myelinating oligo loss,0.5417511956991812,8.06531091230637,13.635365994341043,0.19586053939460207,1758,chronic late,chronic,MILD30,run1
C_L_4,S3: astro reactivity + MHC-II / IFN,0.8243810231804424,0.07319751354988994,0.551444257211134,-0.06004714642529873,197,chronic late,chronic,MILD30,run1
C_L_4,S4: monocyte-derived myeloid + oligo disease state,0.7208299351537916,6.501364379329944,17.17363087335933,0.16925187669751143,179,chronic late,chronic,MILD30,run1
C_L_4,S5: infiltration + microglia homeostasis loss,1.049226536833325,-0.03139312176946138,0.18170297074144154,1.1986997648825042,206,chronic late,chronic,MILD30,run1
C_L_4,no lesion,1.0,-0.049855657426049645,0.1870310759019625,-0.11006418587302359,7262,chronic late,chronic,MILD30,run1
C_L_4,not scored,,2.8726904923517425,1.5841093424140738,0.34794632934785774,925,chronic late,chronic,MILD30,run1
C_L_5,S0: astro reactivity + oligo disease state,1.09696038470948,0.09092298761972092,2.829327573234148,-0.00842829794411125,831,chronic late,chronic,MILD30,run1
C_L_5,S1: monocyte-derived myeloid + microglia homeostasis loss,0.9015433695556807,12.516341193544024,11.68256083767047,0.07717233894800468,377,chronic late,chronic,MILD30,run1
C_L_5,S2: fibrosis + myelinating oligo loss,1.1073159393230443,13.204543122195162,14.699842404181073,0.2860508188758121,1535,chronic late,chronic,MILD30,run1
C_L_5,S3: astro reactivity + MHC-II / IFN,1.3335251172738412,-0.01942224356909008,0.6414072070992204,-0.15413380988800962,322,chronic late,chronic,MILD30,run1
C_L_5,S4: monocyte-derived myeloid + oligo disease state,1.1758772778564541,3.8827051702026862,9.880076943031339,0.04862059658564457,662,chronic late,chronic,MILD30,run1
C_L_5,S5: infiltration + microglia homeostasis loss,1.0425169953556288,-0.10579865215517224,1.1952054632533637,0.13787288936248687,270,chronic late,chronic,MILD30,run1
C_L_5,no lesion,1.0,-0.09477374677073722,-0.17159229831159342,-0.16271196326927803,8396,chronic late,chronic,MILD30,run1
C_L_5,not scored,,4.936541103719111,0.08529858958031308,-0.07522652137824165,997,chronic late,chronic,MILD30,run1
C_M16_1,S0: astro reactivity + oligo disease state,0.9754774690869563,-0.018119628517131406,0.6202087340691949,0.028907087818821897,297,chronic late,chronic,MILD16,run5
C_M16_1,S1: monocyte-derived myeloid + microglia homeostasis loss,1.538878305330237,0.7929008869600298,5.3738676855946945,-0.3498231647270056,69,chronic late,chronic,MILD16,run5
C_M16_1,S2: fibrosis + myelinating oligo loss,1.4023442079986335,1.5460458917842779,1.058926872452916,0.1851095646535319,696,chronic late,chronic,MILD16,run5
C_M16_1,S3: astro reactivity + MHC-II / IFN,0.8238980258434079,-0.01970582330259696,-0.03559644498377483,-0.2510305842437197,286,chronic late,chronic,MILD16,run5
C_M16_1,S4: monocyte-derived myeloid + oligo disease state,0.75758286818066,0.2518133429839913,0.8052476782576052,0.02160059750855419,79,chronic late,chronic,MILD16,run5
C_M16_1,S5: infiltration + microglia homeostasis loss,1.2826410324802624,0.27739191657717394,1.0470349684002975,0.281319829843658,517,chronic late,chronic,MILD16,run5
C_M16_1,no lesion,1.0,-0.024289579853478648,-0.2920265800096544,-0.08844056927701258,4942,chronic late,chronic,MILD16,run5
C_M16_1,not scored,,1.0592109683339894,0.15721938190741314,-0.4458380033987008,725,chronic late,chronic,MILD16,run5
C_M16_2,S0: astro reactivity + oligo disease state,0.951495062668449,0.000605964573402145,0.9154380597539495,-0.14279853076299812,1840,chronic late,chronic,MILD16,run5
C_M16_2,S1: monocyte-derived myeloid + microglia homeostasis loss,0.7252406118377235,1.8718282661076613,7.051501175356572,0.1199484722714169,358,chronic late,chronic,MILD16,run5
C_M16_2,S2: fibrosis + myelinating oligo loss,0.9279612720329555,2.5762277765555934,4.459869963618296,0.22245231863711418,2267,chronic late,chronic,MILD16,run5
C_M16_2,S3: astro reactivity + MHC-II / IFN,1.010985167512529,-0.06292664214036764,-0.2834456575858095,0.21534939733837777,660,chronic late,chronic,MILD16,run5
C_M16_2,S4: monocyte-derived myeloid + oligo disease state,0.8993250197566669,1.3949186341438726,4.9855626330353875,0.16991864212474125,488,chronic late,chronic,MILD16,run5
C_M16_2,S5: infiltration + microglia homeostasis loss,0.8100932432115262,0.04815874907503768,1.070559957787436,-0.17328150036074239,923,chronic late,chronic,MILD16,run5
C_M16_2,no lesion,1.0,-0.03145808366521614,-0.05326643224379594,-0.2294493578792235,13259,chronic late,chronic,MILD16,run5
C_M16_2,not scored,,0.5989444234149789,1.6596595811660384,-0.3813446522292887,1976,chronic late,chronic,MILD16,run5
C_M16_3,S0: astro reactivity + oligo disease state,0.9821909585894959,0.37794884978472315,4.046719147038441,0.1286948775467709,294,chronic late,chronic,MILD16,run5
C_M16_3,S1: monocyte-derived myeloid + microglia homeostasis loss,2.04611848711556,48.930109511541986,30.616514148738545,0.017790592574767887,53,chronic late,chronic,MILD16,run5
C_M16_3,S2: fibrosis + myelinating oligo loss,1.2720902693258131,3.3533621921319057,8.22886897461793,0.3634426716898615,803,chronic late,chronic,MILD16,run5
C_M16_3,S3: astro reactivity + MHC-II / IFN,0.8759669497750673,-0.017103803891555913,11.427522995989568,0.10683294773253467,207,chronic late,chronic,MILD16,run5
C_M16_3,S4: monocyte-derived myeloid + oligo disease state,0.5548413024864156,0.49219237023615925,6.009583914378033,0.2017571243035421,85,chronic late,chronic,MILD16,run5
C_M16_3,S5: infiltration + microglia homeostasis loss,0.9178492972880219,0.07937240203331913,3.630387243554409,-0.11283918075493213,440,chronic late,chronic,MILD16,run5
C_M16_3,no lesion,1.0,-0.05384862472914556,-0.04686201135415862,-0.1836140915989577,9757,chronic late,chronic,MILD16,run5
C_M16_3,not scored,,1.8280047881988728,1.3365473405333799,-0.1941001804456996,1346,chronic late,chronic,MILD16,run5
C_NS_1,no lesion,1.0,-0.1582234908751979,-0.34269093245541643,-0.4234597643707136,8573,control,chronic,NONSYMPTOM,run1
C_NS_1,not scored,,0.9327375773810104,0.5526848997084826,-0.05568010151478702,750,control,chronic,NONSYMPTOM,run1
C_NS_2,S5: infiltration + microglia homeostasis loss,0.930344839841837,-0.1192712630324347,-0.07591566747803175,,53,control,chronic,NONSYMPTOM,run1
C_NS_2,no lesion,1.0,-0.08642586567593627,-0.3028923356914559,-0.34732295243929134,8246,control,chronic,NONSYMPTOM,run1
C_NS_2,not scored,,0.7341525552693404,0.27106719078938624,-0.31766271970208454,598,control,chronic,NONSYMPTOM,run1
C_NS_3,S5: infiltration + microglia homeostasis loss,0.6828884323069722,-0.12832726466221592,0.4147629445784063,-0.7780247695368161,170,control,chronic,NONSYMPTOM,run1
C_NS_3,no lesion,1.0,-0.05648635208364354,-0.2651442579920553,-0.3242306699118976,9260,control,chronic,NONSYMPTOM,run1
C_NS_3,not scored,,1.0545929451622227,0.14845290176759435,0.5363503823543244,1220,control,chronic,NONSYMPTOM,run1
C_NS_4,no lesion,1.0,-0.015100576020930616,-0.05524384418837568,-0.35584358483335593,3663,control,chronic,NONSYMPTOM,run5
C_NS_4,not scored,,0.2198575673047852,0.33017912952514106,-0.6192931796939664,701,control,chronic,NONSYMPTOM,run5
C_NS_5,no lesion,1.0,-0.020965361680287533,-0.047672474117083294,-0.7457992727958697,5604,control,chronic,NONSYMPTOM,run5
C_NS_5,not scored,,0.19317220967470955,1.0720735651388695,-0.7813982497649994,1112,control,chronic,NONSYMPTOM,run5
C_OS1_1,S0: astro reactivity + oligo disease state,1.6483823401885542,-0.024023523945141782,-0.035889817002939084,0.03537292660740305,949,onset,chronic,OS1,run1
C_OS1_1,S1: monocyte-derived myeloid + microglia homeostasis loss,0.9999002981905631,2.952978471492039,4.701170669191301,0.23202825400977392,1978,onset,chronic,OS1,run1
C_OS1_1,S2: fibrosis + myelinating oligo loss,0.7181195371186632,0.9799660828030071,3.6681031454072537,0.07785551284159245,450,onset,chronic,OS1,run1
C_OS1_1,S3: astro reactivity + MHC-II / IFN,0.6644577787464202,0.17150462058335073,0.16767360495872943,0.1370848065760032,277,onset,chronic,OS1,run1
C_OS1_1,S4: monocyte-derived myeloid + oligo disease state,1.8283925279344617,0.647458313231331,5.161603507372124,0.23185448232202235,586,onset,chronic,OS1,run1
C_OS1_1,S5: infiltration + microglia homeostasis loss,0.898354219174332,0.10054905460374688,1.2108980199137447,-0.0917279792564902,492,onset,chronic,OS1,run1
C_OS1_1,no lesion,1.0,-0.06878420840622614,-0.40199476341040186,-0.11439359214568079,8053,onset,chronic,OS1,run1
C_OS1_1,not scored,,0.5200828716273941,1.635100351577967,0.02907354879245754,2744,onset,chronic,OS1,run1
C_OS1_2,S0: astro reactivity + oligo disease state,0.5298211667886488,0.38172032931238115,4.545000563101258,0.1845093520446171,204,onset,chronic,OS1,run1
C_OS1_2,S1: monocyte-derived myeloid + microglia homeostasis loss,0.5204135987853028,1.5549194670138233,28.762479346506616,0.5365463845918561,88,onset,chronic,OS1,run1
C_OS1_2,S2: fibrosis + myelinating oligo loss,0.8149975691896365,1.590255858584053,5.041718348239924,-0.32142670355690284,494,onset,chronic,OS1,run1
C_OS1_2,S3: astro reactivity + MHC-II / IFN,0.9925327862483244,-0.10712232336857426,0.8155401139657896,-1.0731574384566644,99,onset,chronic,OS1,run1
C_OS1_2,S4: monocyte-derived myeloid + oligo disease state,0.847324549169785,0.37906319988690157,8.736139562007633,0.315154513104522,96,onset,chronic,OS1,run1
C_OS1_2,S5: infiltration + microglia homeostasis loss,0.5728041121679606,0.3074681037441074,2.4800151593987696,0.09402833279661339,452,onset,chronic,OS1,run1
C_OS1_2,no lesion,1.0,-0.09311959370930534,-0.34979465025711926,-0.025880231125609773,9446,onset,chronic,OS1,run1
C_OS1_2,not scored,,1.3349422774880308,1.3011363484978082,0.1589340311337667,1369,onset,chronic,OS1,run1
C_OS1_3,S0: astro reactivity + oligo disease state,0.8978783177468719,-0.07775888956073931,-0.09248291121019123,-0.28767413154776167,651,onset,chronic,OS1,run1
C_OS1_3,S1: monocyte-derived myeloid + microglia homeostasis loss,0.43518623761143027,1.3432536519859655,3.0928577595827385,0.20949922165353319,1118,onset,chronic,OS1,run1
C_OS1_3,S2: fibrosis + myelinating oligo loss,0.4856492847593575,0.5333697418168203,3.439331145641743,-0.4428446538855988,504,onset,chronic,OS1,run1
C_OS1_3,S3: astro reactivity + MHC-II / IFN,0.8488384799425922,-0.06281593588920131,-0.3456538950658637,-0.24279547572316418,577,onset,chronic,OS1,run1
C_OS1_3,S4: monocyte-derived myeloid + oligo disease state,0.5113485831965147,0.10600701112135377,2.2384031143667533,-0.3201974819866151,537,onset,chronic,OS1,run1
C_OS1_3,S5: infiltration + microglia homeostasis loss,0.25796275884281145,-0.06921751331080137,-0.1983938417072766,-0.4869769011107899,1231,onset,chronic,OS1,run1
C_OS1_3,no lesion,1.0,-0.11991812519986922,-0.35531050957988397,-0.11707490344173452,7185,onset,chronic,OS1,run1
C_OS1_3,not scored,,-0.033867968881000465,0.460073721722525,-0.2455926128672786,3443,onset,chronic,OS1,run1
C_OS1_4,S0: astro reactivity + oligo disease state,1.515569880137424,-0.03077638182005345,0.6628765529601837,-0.4251413555303091,394,onset,chronic,OS1,run1
C_OS1_4,S1: monocyte-derived myeloid + microglia homeostasis loss,0.5776444096892626,2.707557153208678,5.136254832402339,0.14756214844678223,556,onset,chronic,OS1,run1
C_OS1_4,S2: fibrosis + myelinating oligo loss,0.8289215506148708,1.2906698482478967,7.257373738822657,-0.09101753537854755,298,onset,chronic,OS1,run1
C_OS1_4,S3: astro reactivity + MHC-II / IFN,1.1687777292237072,-0.0670466890639924,-0.3592765275705829,0.32081326645427516,353,onset,chronic,OS1,run1
C_OS1_4,S4: monocyte-derived myeloid + oligo disease state,1.1043391874442725,1.1931372543721828,3.2866186031992535,-0.29152297461021576,235,onset,chronic,OS1,run1
C_OS1_4,S5: infiltration + microglia homeostasis loss,0.7533009188085145,0.7305634304856673,0.06708618696788385,0.029338780982373663,361,onset,chronic,OS1,run1
C_OS1_4,no lesion,1.0,-0.1171556732418456,-0.21273253123062166,-0.15751037523645253,7308,onset,chronic,OS1,run1
C_OS1_4,not scored,,0.536091722578703,1.7337298637257064,-0.12816078578771206,1567,onset,chronic,OS1,run1
C_OS1_5,S0: astro reactivity + oligo disease state,0.7611416397831663,-0.11294163838031888,0.2569969105112802,-0.191595101888644,51,onset,chronic,OS1,run5
C_OS1_5,S1: monocyte-derived myeloid + microglia homeostasis loss,0.8318403705488895,0.7584489403991223,9.928607348863775,-0.3790711036898359,239,onset,chronic,OS1,run5
C_OS1_5,S2: fibrosis + myelinating oligo loss,0.9757270149462098,0.36844832897910085,1.4265824931614537,-0.5524315883629233,199,onset,chronic,OS1,run5
C_OS1_5,S4: monocyte-derived myeloid + oligo disease state,0.7307227783338653,0.08533656457246953,4.66480474803193,-0.08612019256270498,70,onset,chronic,OS1,run5
C_OS1_5,S5: infiltration + microglia homeostasis loss,0.8029388507594217,0.3200126556889607,0.8627374068505806,-0.4161448901663791,540,onset,chronic,OS1,run5
C_OS1_5,no lesion,1.0,-0.01741758013846206,-0.08843053746317057,-0.7281680417735082,6162,onset,chronic,OS1,run5
C_OS1_5,not scored,,0.5891691950354265,0.8843223628565049,-0.11562821573084522,935,onset,chronic,OS1,run5
C_P1_1,S0: astro reactivity + oligo disease state,1.6145885750460547,-0.17309799068697307,2.590239307942352,-0.07982651865418441,4577,peak,chronic,PEAK1,run1
C_P1_1,S1: monocyte-derived myeloid + microglia homeostasis loss,0.7264123155247653,2.218230782881752,4.283449409336744,0.06784211072200494,8500,peak,chronic,PEAK1,run1
C_P1_1,S2: fibrosis + myelinating oligo loss,0.8259030721631562,2.2673131321760946,4.950846606548559,0.0957701316619515,588,peak,chronic,PEAK1,run1
C_P1_1,S3: astro reactivity + MHC-II / IFN,1.055560786345192,-0.2693742952186541,2.2797786157774076,-0.07572172232104753,1185,peak,chronic,PEAK1,run1
C_P1_1,S4: monocyte-derived myeloid + oligo disease state,1.2823917545210706,0.3872482986220419,5.751688031412421,0.06894449970138553,3097,peak,chronic,PEAK1,run1
C_P1_1,S5: infiltration + microglia homeostasis loss,0.42008584193326426,2.2221072727008857,3.8793114061873113,0.5957684599749192,1428,peak,chronic,PEAK1,run1
C_P1_1,no lesion,1.0,-0.14126890045921947,0.8250538052324264,-0.07659291437434258,2215,peak,chronic,PEAK1,run1
C_P1_1,not scored,,0.285711399048872,1.6338804731873,-0.15244316708921543,4248,peak,chronic,PEAK1,run1
C_P1_2,S0: astro reactivity + oligo disease state,0.7640211173283766,-0.06327837329994628,2.382624831045222,-0.12186623333878022,3390,peak,chronic,PEAK1,run1
C_P1_2,S1: monocyte-derived myeloid + microglia homeostasis loss,0.2522889427036025,4.211488593708604,10.178487998895482,0.12966600535111444,3634,peak,chronic,PEAK1,run1
C_P1_2,S2: fibrosis + myelinating oligo loss,0.6331556360331956,4.1380891473651005,7.97961889934687,0.04311151627836546,486,peak,chronic,PEAK1,run1
C_P1_2,S3: astro reactivity + MHC-II / IFN,0.8128541919127923,-0.007023707280340626,0.26485156650779396,-0.08616202061141581,1342,peak,chronic,PEAK1,run1
C_P1_2,S4: monocyte-derived myeloid + oligo disease state,0.49137316354995453,1.3316887458949056,10.156211748971893,0.07505039718677142,3084,peak,chronic,PEAK1,run1
C_P1_2,S5: infiltration + microglia homeostasis loss,0.8098433204898382,1.7697515203115826,20.84401770938264,0.3837698707786633,546,peak,chronic,PEAK1,run1
C_P1_2,no lesion,1.0,-0.08918706057658032,0.6661607343069462,-0.2538585367452709,4972,peak,chronic,PEAK1,run1
C_P1_2,not scored,,0.3397213003103915,9.801100402500973,-0.06159630005747523,1440,peak,chronic,PEAK1,run1
C_P1_3,S0: astro reactivity + oligo disease state,0.861641824930545,-0.04939721935582736,1.4079918358598502,-0.09740757305909208,3259,peak,chronic,PEAK1,run1
C_P1_3,S1: monocyte-derived myeloid + microglia homeostasis loss,0.2884523801772994,3.6888440014724435,12.00486967122039,0.18888976521677428,3883,peak,chronic,PEAK1,run1
C_P1_3,S2: fibrosis + myelinating oligo loss,0.7376416428095386,3.3513988628449294,9.731538666596608,0.23256177601901146,685,peak,chronic,PEAK1,run1
C_P1_3,S3: astro reactivity + MHC-II / IFN,0.8571534126723781,-0.04361781463653237,-0.06595698562590105,-0.22834954472449726,2009,peak,chronic,PEAK1,run1
C_P1_3,S4: monocyte-derived myeloid + oligo disease state,0.463423663197524,0.8444389993060046,11.001360729447345,0.0546202920487812,3017,peak,chronic,PEAK1,run1
C_P1_3,S5: infiltration + microglia homeostasis loss,0.8772116250344371,-0.32622482363817834,13.960773610155812,0.08984257048313475,288,peak,chronic,PEAK1,run1
C_P1_3,no lesion,1.0,-0.07493679739394624,0.49832976820979424,-0.1306982172778103,5340,peak,chronic,PEAK1,run1
C_P1_3,not scored,,1.6569019536644491,9.011274362389715,-0.05323144867083099,1590,peak,chronic,PEAK1,run1
C_P1_4,S0: astro reactivity + oligo disease state,0.9989130623190833,-0.056043893009732657,0.13420342849815947,0.16119401618552054,2175,peak,chronic,PEAK1,run5
C_P1_4,S1: monocyte-derived myeloid + microglia homeostasis loss,1.3917956889937662,0.9927544221389493,4.949794756946821,0.0535196386568695,3530,peak,chronic,PEAK1,run5
C_P1_4,S2: fibrosis + myelinating oligo loss,0.7782603241114405,0.643801067818878,1.7688073291271516,0.13775866740010817,265,peak,chronic,PEAK1,run5
C_P1_4,S3: astro reactivity + MHC-II / IFN,0.9422479924034686,-0.24320253239097955,0.3849794008582311,0.047670229907887426,444,peak,chronic,PEAK1,run5
C_P1_4,S4: monocyte-derived myeloid + oligo disease state,1.144376211054325,0.0762931467065829,7.127657173442673,0.18806659974451273,1323,peak,chronic,PEAK1,run5
C_P1_4,S5: infiltration + microglia homeostasis loss,,1.7834959520601308,14.909310982670716,0.24559521422354078,575,peak,chronic,PEAK1,run5
C_P1_4,no lesion,1.0,-0.023458958690769572,-0.08262508336407147,0.1050928686384652,928,peak,chronic,PEAK1,run5
C_P1_4,not scored,,0.039346294225665435,5.439273354305643,0.15707944175280653,1413,peak,chronic,PEAK1,run5
C_P1_5,S0: astro reactivity + oligo disease state,0.545748567085593,-0.1490132500199902,0.07262676904583736,-0.086509481583839,2305,peak,chronic,PEAK1,run5
C_P1_5,S1: monocyte-derived myeloid + microglia homeostasis loss,0.4304190072258803,1.51705414488845,2.269742222153443,0.1341763943051224,5715,peak,chronic,PEAK1,run5
C_P1_5,S2: fibrosis + myelinating oligo loss,1.1166318960146395,3.9893789565314206,4.842003724704447,-0.35678902325245504,154,peak,chronic,PEAK1,run5
C_P1_5,S3: astro reactivity + MHC-II / IFN,0.7586768407858961,-0.1619957591508019,-0.21928393092242005,-0.12782257692901053,1462,peak,chronic,PEAK1,run5
C_P1_5,S4: monocyte-derived myeloid + oligo disease state,0.4883973100011417,0.005071897408422115,1.2479864078050165,-0.0326867800021568,2599,peak,chronic,PEAK1,run5
C_P1_5,S5: infiltration + microglia homeostasis loss,0.7137317077516285,0.49898246245481637,7.019408862575599,-0.18557646654518434,387,peak,chronic,PEAK1,run5
C_P1_5,no lesion,1.0,-0.12444482134631296,-0.2774064744119531,-0.41518006559296594,2010,peak,chronic,PEAK1,run5
C_P1_5,not scored,,-0.06742184752391378,0.22672324345485134,-0.21031835859681075,1306,peak,chronic,PEAK1,run5
C_P1_6,S0: astro reactivity + oligo disease state,0.8199911905979493,-0.10013868151618242,0.4539494317043903,-0.19270805102328978,2204,peak,chronic,PEAK1,run5
C_P1_6,S1: monocyte-derived myeloid + microglia homeostasis loss,0.405040872539636,3.8072804347689315,16.41369639533972,0.2696154438928672,5971,peak,chronic,PEAK1,run5
C_P1_6,S2: fibrosis + myelinating oligo loss,0.7973354802002526,0.9815117139244716,32.77334404876279,-0.5448480668197915,159,peak,chronic,PEAK1,run5
C_P1_6,S3: astro reactivity + MHC-II / IFN,0.9207930480387962,-0.1315344520612168,0.012507765676689772,-0.2272997939074473,2223,peak,chronic,PEAK1,run5
C_P1_6,S4: monocyte-derived myeloid + oligo disease state,0.5200900005292837,0.02994866586334079,7.062518662921443,-0.14787240962921527,2725,peak,chronic,PEAK1,run5
C_P1_6,S5: infiltration + microglia homeostasis loss,0.8526775474490332,0.47777646058983697,0.22202510519190022,0.04126838577973536,569,peak,chronic,PEAK1,run5
C_P1_6,no lesion,1.0,-0.05181859076882546,0.9953687360855683,-0.24874145151797017,1874,peak,chronic,PEAK1,run5
C_P1_6,not scored,,0.33886880356659116,3.1686488366638272,-0.2619159361032772,1768,peak,chronic,PEAK1,run5
C_S16_1,S0: astro reactivity + oligo disease state,1.0684219155648882,-0.020146133002858963,0.057497167473594096,-0.08766042372523514,1927,chronic late,chronic,SEVERE16,run5
C_S16_1,S1: monocyte-derived myeloid + microglia homeostasis loss,1.661301258710092,0.6451124914096332,0.588675876970665,0.299148604034653,1945,chronic late,chronic,SEVERE16,run5
C_S16_1,S2: fibrosis + myelinating oligo loss,1.2405245825610893,0.5657327295410857,1.5631168339461992,0.0023426338469009185,1354,chronic late,chronic,SEVERE16,run5
C_S16_1,S3: astro reactivity + MHC-II / IFN,0.9683865336267032,-0.01659992557945729,-0.08445527475537032,-0.1475507510431254,1173,chronic late,chronic,SEVERE16,run5
C_S16_1,S4: monocyte-derived myeloid + oligo disease state,1.290946167301208,0.04288203372439846,0.23178565276529872,0.02528799713576399,1911,chronic late,chronic,SEVERE16,run5
C_S16_1,S5: infiltration + microglia homeostasis loss,1.0345999611068661,0.06558626957868902,0.07797167955119454,0.03613769038107956,898,chronic late,chronic,SEVERE16,run5
C_S16_1,no lesion,1.0,-0.011091518016660017,-0.06960969575019255,-0.23026153477434713,6783,chronic late,chronic,SEVERE16,run5
C_S16_1,not scored,,0.08372421486748602,0.3270242388839268,-0.3045297139124323,1689,chronic late,chronic,SEVERE16,run5
C_S16_2,S0: astro reactivity + oligo disease state,1.2132289822551634,-0.040640276635441605,0.3706503948363939,-0.12940032655410214,2854,chronic late,chronic,SEVERE16,run5
C_S16_2,S1: monocyte-derived myeloid + microglia homeostasis loss,0.8121207612455186,0.6841255436104396,3.0860861069253405,0.19694070099739502,874,chronic late,chronic,SEVERE16,run5
C_S16_2,S2: fibrosis + myelinating oligo loss,1.1304120965421647,0.4596955826078267,2.9208874035435937,0.12280169794608996,4141,chronic late,chronic,SEVERE16,run5
C_S16_2,S3: astro reactivity + MHC-II / IFN,1.016016044830418,-0.026568352139847505,-0.017966330960647554,-0.2830991808349442,1613,chronic late,chronic,SEVERE16,run5
C_S16_2,S4: monocyte-derived myeloid + oligo disease state,1.0995929397000057,-0.03976826203656459,1.7881107648860999,-0.08590375405112105,936,chronic late,chronic,SEVERE16,run5
C_S16_2,S5: infiltration + microglia homeostasis loss,0.8798972621221259,0.43360059594341455,0.594114297410834,-0.24833638353924448,1016,chronic late,chronic,SEVERE16,run5
C_S16_2,no lesion,1.0,-0.013676895166577252,-0.03618340568207491,-0.3216695351718655,10541,chronic late,chronic,SEVERE16,run5
C_S16_2,not scored,,0.6906203146474348,0.6391201855620225,-0.4614836863656775,1101,chronic late,chronic,SEVERE16,run5
C_S16_3,S0: astro reactivity + oligo disease state,0.7464899364988398,-0.014771544815621424,0.4776577248038384,-0.10154941764202788,1465,chronic late,chronic,SEVERE16,run5
C_S16_3,S1: monocyte-derived myeloid + microglia homeostasis loss,0.511975870595654,0.7899090439461253,0.9157275948015186,0.2624829647376077,643,chronic late,chronic,SEVERE16,run5
C_S16_3,S2: fibrosis + myelinating oligo loss,0.5470564540460399,0.6882737424130441,1.4930366632848031,0.12621604990052032,1812,chronic late,chronic,SEVERE16,run5
C_S16_3,S3: astro reactivity + MHC-II / IFN,0.8312102789062865,-0.039547388643528025,-0.2892546253981906,-0.0318168227243917,1033,chronic late,chronic,SEVERE16,run5
C_S16_3,S4: monocyte-derived myeloid + oligo disease state,0.66831391192576,0.511872283767248,1.145081830220907,0.09612178982387348,896,chronic late,chronic,SEVERE16,run5
C_S16_3,S5: infiltration + microglia homeostasis loss,0.8164826095603139,-0.14056106137667296,-0.11973212332686761,0.14364210295690652,1019,chronic late,chronic,SEVERE16,run5
C_S16_3,no lesion,1.0,-0.036174176343233604,-0.34049319058358685,-0.2022935515226051,9509,chronic late,chronic,SEVERE16,run5
C_S16_3,not scored,,0.6834214908338007,1.2761415749270673,-0.4239377841858776,1784,chronic late,chronic,SEVERE16,run5
C_S30_1,S0: astro reactivity + oligo disease state,0.8233635451570889,0.02724528050233104,0.7226783430358757,0.0056715849896612665,963,chronic late,chronic,SEVERE30,run5
C_S30_1,S1: monocyte-derived myeloid + microglia homeostasis loss,0.72634396401451,4.077011919148244,0.6501992156875643,0.3994939538239175,91,chronic late,chronic,SEVERE30,run5
C_S30_1,S2: fibrosis + myelinating oligo loss,0.7173140703533109,2.333718981411013,1.4524931082423136,0.08886856493418482,2930,chronic late,chronic,SEVERE30,run5
C_S30_1,S3: astro reactivity + MHC-II / IFN,0.8197465915468791,-0.0454636584124191,-0.1774537980917353,-0.07762248169943003,436,chronic late,chronic,SEVERE30,run5
C_S30_1,S4: monocyte-derived myeloid + oligo disease state,1.0052741182167142,1.617240784857616,0.9851129280882077,0.12514703430450203,409,chronic late,chronic,SEVERE30,run5
C_S30_1,S5: infiltration + microglia homeostasis loss,0.7495427969169619,-0.11713041685467362,-0.13688181578242642,-0.08395362574079386,603,chronic late,chronic,SEVERE30,run5
C_S30_1,no lesion,1.0,-0.06039271633110611,-0.31676877421687955,-0.23048039041085014,8335,chronic late,chronic,SEVERE30,run5
C_S30_1,not scored,,0.2710191280345223,-0.3308224841085436,-0.5856914327666665,1240,chronic late,chronic,SEVERE30,run5
C_S30_2,S0: astro reactivity + oligo disease state,0.9907116528732859,0.07345916463473671,3.1246559228476922,0.1958872180689068,1389,chronic late,chronic,SEVERE30,run5
C_S30_2,S1: monocyte-derived myeloid + microglia homeostasis loss,1.2307796893544019,2.0613793771276265,3.190853186758387,0.4511902285246593,732,chronic late,chronic,SEVERE30,run5
C_S30_2,S2: fibrosis + myelinating oligo loss,1.205255504231666,3.160856199596157,4.283312770623858,0.4434974070587277,2632,chronic late,chronic,SEVERE30,run5
C_S30_2,S3: astro reactivity + MHC-II / IFN,0.9541750948113811,-0.10918845430437514,-0.2317279043559871,0.12599779010020062,549,chronic late,chronic,SEVERE30,run5
C_S30_2,S4: monocyte-derived myeloid + oligo disease state,1.2377303136824964,0.9573321609716656,1.900308940537612,0.3934360980577547,552,chronic late,chronic,SEVERE30,run5
C_S30_2,S5: infiltration + microglia homeostasis loss,1.035970758537796,-0.14747728354017037,1.0974741566393924,0.06457578399480543,732,chronic late,chronic,SEVERE30,run5
C_S30_2,no lesion,1.0,-0.04132237882207386,-0.06386965726893659,0.030578196247019702,7631,chronic late,chronic,SEVERE30,run5
C_S30_2,not scored,,1.1348814467028128,0.35629752909682444,-0.2897761238774629,1602,chronic late,chronic,SEVERE30,run5
RR_CFA_1,S5: infiltration + microglia homeostasis loss,0.7393358034769462,0.5797756344725202,1.4864040346455927,0.5613742481467768,78,control,RR,PLP CFA,run2
RR_CFA_1,no lesion,1.0,-0.06604971088471581,-0.15341514545468485,-0.08480371310200599,14792,control,RR,PLP CFA,run2
RR_CFA_1,not scored,,6.329790724010977,0.8024416516606246,0.08562162620146128,1067,control,RR,PLP CFA,run2
RR_CFA_2,S5: infiltration + microglia homeostasis loss,1.0379755474624823,-0.06870825894995274,-0.2865349890866004,-0.6472912119367055,122,control,RR,PLP CFA,run2
RR_CFA_2,no lesion,1.0,-0.16004462158032928,-0.316684864867061,-0.30758696525143575,17720,control,RR,PLP CFA,run2
RR_CFA_2,not scored,,2.9594335141019004,0.4231672918922338,-0.5239573932678279,1116,control,RR,PLP CFA,run2
RR_CFA_3,S5: infiltration + microglia homeostasis loss,1.220640991513222,0.16837081700133139,0.8963121059964083,0.22078687339442787,82,control,RR,PLP CFA,run3
RR_CFA_3,no lesion,1.0,-0.05298488810676938,-0.185723197105101,-0.19804102531416323,14966,control,RR,PLP CFA,run3
RR_CFA_3,not scored,,4.442442097784413,1.1290571940551324,-0.07819018050196536,3818,control,RR,PLP CFA,run3
RR_MP_1,S0: astro reactivity + oligo disease state,0.8398916130683185,0.5835621046687682,10.584326051053313,0.10149531541644345,457,recovery,RR,MONOPHASIC,run2
RR_MP_1,S2: fibrosis + myelinating oligo loss,1.0653589220720714,3.584535596759583,5.564843321897707,0.06278729496078125,1507,recovery,RR,MONOPHASIC,run2
RR_MP_1,S3: astro reactivity + MHC-II / IFN,0.8803654368263638,0.42871895415275496,5.560529079361199,-0.22389832122287714,299,recovery,RR,MONOPHASIC,run2
RR_MP_1,S4: monocyte-derived myeloid + oligo disease state,0.9608908498824703,1.0693627737694276,3.928738353857165,0.49481150309597355,65,recovery,RR,MONOPHASIC,run2
RR_MP_1,S5: infiltration + microglia homeostasis loss,0.8971149855129725,1.5796982638919013,1.2976552771000625,-0.258453236632344,758,recovery,RR,MONOPHASIC,run2
RR_MP_1,no lesion,1.0,-0.1972844452245302,-0.34422934986040976,-0.20295519911599452,15245,recovery,RR,MONOPHASIC,run2
RR_MP_1,not scored,,2.8454114487235356,2.5655576500851245,-0.5997427368382727,1423,recovery,RR,MONOPHASIC,run2
RR_MP_2,S0: astro reactivity + oligo disease state,0.8828476161407728,-0.013831795795591042,1.1380111426507344,-0.05519454420189081,1996,recovery,RR,MONOPHASIC,run2
RR_MP_2,S1: monocyte-derived myeloid + microglia homeostasis loss,1.0780903474836887,12.49368472477774,5.997192165546682,0.28919767741829455,2076,recovery,RR,MONOPHASIC,run2
RR_MP_2,S2: fibrosis + myelinating oligo loss,1.1540464592082267,4.902085572206922,4.109949898434036,0.12084936365989826,2142,recovery,RR,MONOPHASIC,run2
RR_MP_2,S3: astro reactivity + MHC-II / IFN,0.8999872734159138,-0.12411790942846887,-0.48022977095770003,-0.21097745214611802,1286,recovery,RR,MONOPHASIC,run2
RR_MP_2,S4: monocyte-derived myeloid + oligo disease state,1.0830333257520441,1.8510485158960468,4.179126653275745,0.09164484436915081,1907,recovery,RR,MONOPHASIC,run2
RR_MP_2,S5: infiltration + microglia homeostasis loss,0.9866626539514932,2.3702692314500693,0.502588319004895,0.30643402144619586,2047,recovery,RR,MONOPHASIC,run2
RR_MP_2,no lesion,1.0,-0.13549056957272537,-0.43848934706674575,-0.1656794284893643,11867,recovery,RR,MONOPHASIC,run2
RR_MP_2,not scored,,2.238056808472564,0.9949846135191862,-0.15711375470414213,1744,recovery,RR,MONOPHASIC,run2
RR_MP_3,S0: astro reactivity + oligo disease state,0.8734467698783362,0.3017329616969058,2.4319120287753377,0.17554370374302422,686,recovery,RR,MONOPHASIC,run3
RR_MP_3,S1: monocyte-derived myeloid + microglia homeostasis loss,1.2176234786422742,10.760766019274415,8.208544736525095,0.1896424644780744,338,recovery,RR,MONOPHASIC,run3
RR_MP_3,S2: fibrosis + myelinating oligo loss,1.025319273240037,3.450613963555211,4.857163559170803,0.24564275937702063,1121,recovery,RR,MONOPHASIC,run3
RR_MP_3,S3: astro reactivity + MHC-II / IFN,0.8991001538455734,0.07958511480150089,0.6421491478800185,0.09300828061378738,375,recovery,RR,MONOPHASIC,run3
RR_MP_3,S4: monocyte-derived myeloid + oligo disease state,1.4448104774472976,2.7957296590843166,4.831804244884585,0.26308719694251764,423,recovery,RR,MONOPHASIC,run3
RR_MP_3,S5: infiltration + microglia homeostasis loss,0.9733801336943477,1.807942927646327,1.2706298991146987,0.2605553349636248,991,recovery,RR,MONOPHASIC,run3
RR_MP_3,no lesion,1.0,-0.09461164102538876,-0.2725148607983283,-0.06261351001020225,14703,recovery,RR,MONOPHASIC,run3
RR_MP_3,not scored,,2.3329127356755492,0.8826959895292444,0.03465308154725251,1309,recovery,RR,MONOPHASIC,run3
RR_MP_4,S0: astro reactivity + oligo disease state,0.9157344146451508,-0.037032637033156665,1.011055358108612,-0.27264708003426147,2488,recovery,RR,MONOPHASIC,run3
RR_MP_4,S1: monocyte-derived myeloid + microglia homeostasis loss,0.6701312422949062,7.6593388212506754,3.4594634037502336,0.24271362545352873,2125,recovery,RR,MONOPHASIC,run3
RR_MP_4,S2: fibrosis + myelinating oligo loss,0.9180925174271818,4.0396096850567975,3.846801942025938,0.07165274619577965,1826,recovery,RR,MONOPHASIC,run3
RR_MP_4,S3: astro reactivity + MHC-II / IFN,1.0275314634230477,-0.1747324809091885,-0.5556253807021115,-0.07691516007541267,1902,recovery,RR,MONOPHASIC,run3
RR_MP_4,S4: monocyte-derived myeloid + oligo disease state,0.8468401585432429,1.187864355893139,2.497878581888788,0.004578685831840551,2323,recovery,RR,MONOPHASIC,run3
RR_MP_4,S5: infiltration + microglia homeostasis loss,1.0131933760670173,1.014063458865711,-0.041103611539070974,0.2438735058345398,1541,recovery,RR,MONOPHASIC,run3
RR_MP_4,no lesion,1.0,-0.16772159088630095,-0.5361448005993288,-0.3314760304996358,10698,recovery,RR,MONOPHASIC,run3
RR_MP_4,not scored,,2.942358761101424,0.7866427398676122,-0.09138688365443495,2492,recovery,RR,MONOPHASIC,run3
RR_OS1_1,S0: astro reactivity + oligo disease state,0.9853704253876506,-0.14861132011952655,-0.48920435374016946,0.31991894419953193,1248,onset,RR,ONSET1,run2
RR_OS1_1,S1: monocyte-derived myeloid + microglia homeostasis loss,0.6003786099811774,1.0484644122933975,1.2653205576698552,0.5980494461292754,891,onset,RR,ONSET1,run2
RR_OS1_1,S2: fibrosis + myelinating oligo loss,0.8905815538731415,1.6449889782025633,2.2850441891176247,0.08485907481423194,789,onset,RR,ONSET1,run2
RR_OS1_1,S3: astro reactivity + MHC-II / IFN,1.0197266636878728,-0.1675958415634345,-0.5139049519109201,0.11185063465203404,484,onset,RR,ONSET1,run2
RR_OS1_1,S4: monocyte-derived myeloid + oligo disease state,0.7227224113950297,0.05345001356650514,0.5049238326803472,0.324146166057319,514,onset,RR,ONSET1,run2
RR_OS1_1,S5: infiltration + microglia homeostasis loss,0.8208685758610703,1.039154362046759,0.9118588107078263,0.5056148866250634,1625,onset,RR,ONSET1,run2
RR_OS1_1,no lesion,1.0,-0.1360785434222999,-0.47910695961776084,0.03917371341920128,10256,onset,RR,ONSET1,run2
RR_OS1_1,not scored,,-0.05007577056103517,-0.2247962234431523,-0.03659050726399723,2643,onset,RR,ONSET1,run2
RR_OS1_2,S0: astro reactivity + oligo disease state,1.06483739960421,0.14788191961358893,0.6918604143203392,-0.38910672835068616,166,onset,RR,ONSET1,run3
RR_OS1_2,S1: monocyte-derived myeloid + microglia homeostasis loss,1.0038688952978307,2.308971082064904,6.966186924740552,0.2323592252277236,203,onset,RR,ONSET1,run3
RR_OS1_2,S2: fibrosis + myelinating oligo loss,1.038508033268101,0.7339622101365337,3.3968741166670946,-0.2165924057642362,637,onset,RR,ONSET1,run3
RR_OS1_2,S4: monocyte-derived myeloid + oligo disease state,0.9484612986525667,0.4043437595977779,5.593411393436721,0.048936467428335156,151,onset,RR,ONSET1,run3
RR_OS1_2,S5: infiltration + microglia homeostasis loss,0.9664500870715711,0.05569266594573205,0.659737761725695,-0.3270587337215798,427,onset,RR,ONSET1,run3
RR_OS1_2,no lesion,1.0,-0.1714803481473528,-0.4607624865932184,-0.39083348659484735,13567,onset,RR,ONSET1,run3
RR_OS1_2,not scored,,0.5286519776113768,0.509465909258755,-0.5331052332683169,1381,onset,RR,ONSET1,run3
RR_OS2_1,S0: astro reactivity + oligo disease state,0.8521509247525817,-0.1396993335545861,-0.48851880854884755,0.02599268120311217,1421,onset,RR,ONSET2,run2
RR_OS2_1,S1: monocyte-derived myeloid + microglia homeostasis loss,1.043565242983559,0.5606021679994208,2.0842511573440414,0.2500218847039227,523,onset,RR,ONSET2,run2
RR_OS2_1,S2: fibrosis + myelinating oligo loss,1.0897111972070077,0.9930956702131826,1.9520853092814598,-0.2234866000580362,1030,onset,RR,ONSET2,run2
RR_OS2_1,S3: astro reactivity + MHC-II / IFN,0.8534854127421566,-0.1717974891879117,-0.49574436499290486,0.006147918968453835,1028,onset,RR,ONSET2,run2
RR_OS2_1,S4: monocyte-derived myeloid + oligo disease state,0.8951915069064154,0.02588082049651699,0.37456829112748663,0.0808181525121944,818,onset,RR,ONSET2,run2
RR_OS2_1,S5: infiltration + microglia homeostasis loss,0.886035679907798,0.018777120881664913,-0.2618275274103665,-0.157697497457297,691,onset,RR,ONSET2,run2
RR_OS2_1,no lesion,1.0,-0.15093818376755924,-0.43751719358150054,-0.09943105493351564,10272,onset,RR,ONSET2,run2
RR_OS2_1,not scored,,-0.01277346757960219,-0.15773821854231138,-0.11355529883485913,3021,onset,RR,ONSET2,run2
RR_OS2_2,S0: astro reactivity + oligo disease state,1.3088822475098265,-0.19311821915036054,-0.5363485589539412,-0.22083803177928202,1585,onset,RR,ONSET2,run3
RR_OS2_2,S1: monocyte-derived myeloid + microglia homeostasis loss,0.7270764011630593,2.7235656887331183,1.5360282040233884,0.20211485749161956,854,onset,RR,ONSET2,run3
RR_OS2_2,S2: fibrosis + myelinating oligo loss,1.1825025063310646,0.9398915547449147,1.2204683615202159,-0.020167111165745776,926,onset,RR,ONSET2,run3
RR_OS2_2,S3: astro reactivity + MHC-II / IFN,1.00488291930219,-0.17983676122235798,-0.6061193616489935,-0.10175004779204966,475,onset,RR,ONSET2,run3
RR_OS2_2,S4: monocyte-derived myeloid + oligo disease state,0.7882674237271476,0.3168728563687581,1.871661133507714,0.03983196895369714,636,onset,RR,ONSET2,run3
RR_OS2_2,S5: infiltration + microglia homeostasis loss,0.8211980658343415,0.6826603370269078,0.46238012550106605,-0.21620337234190998,637,onset,RR,ONSET2,run3
RR_OS2_2,no lesion,1.0,-0.25145428755767274,-0.5775603499327107,-0.38451786702525514,8879,onset,RR,ONSET2,run3
RR_OS2_2,not scored,,-0.0004737937910806538,0.07966614043491765,-0.49503565341099537,2898,onset,RR,ONSET2,run3
RR_P1_1,S0: astro reactivity + oligo disease state,0.9799986500123432,-0.09221876734168205,0.15771223102726922,-0.0978029704020654,4619,peak,RR,PEAK1,run2
RR_P1_1,S1: monocyte-derived myeloid + microglia homeostasis loss,0.925635206587248,3.9019579147274834,3.1257142350099394,0.22119871347484704,7714,peak,RR,PEAK1,run2
RR_P1_1,S2: fibrosis + myelinating oligo loss,0.9799647807806531,2.7142818349887965,6.431359577947052,0.2345170602349015,184,peak,RR,PEAK1,run2
RR_P1_1,S3: astro reactivity + MHC-II / IFN,1.1023476869680064,-0.20573947417997066,-0.3445647349107622,-0.1681705531368779,5061,peak,RR,PEAK1,run2
RR_P1_1,S4: monocyte-derived myeloid + oligo disease state,0.9943607387224283,0.14517598837448842,1.21743646605765,-0.01588265701718873,6859,peak,RR,PEAK1,run2
RR_P1_1,S5: infiltration + microglia homeostasis loss,0.902669819558336,1.083079971753112,0.49405957848681553,0.23462857496372574,684,peak,RR,PEAK1,run2
RR_P1_1,no lesion,1.0,-0.1646996611960338,-0.2606733338431499,-0.14557079841884324,1589,peak,RR,PEAK1,run2
RR_P1_1,not scored,,1.7819057768017263,1.2348065532342543,-0.3143056314810425,2453,peak,RR,PEAK1,run2
RR_P1_2,S0: astro reactivity + oligo disease state,1.4093543488683056,-0.19489590731007075,-0.22825681846366436,-0.09106010623897565,5002,peak,RR,PEAK1,run3
RR_P1_2,S1: monocyte-derived myeloid + microglia homeostasis loss,0.622891262851232,2.3262887210404615,1.8435854081527283,0.24934833850111088,10824,peak,RR,PEAK1,run3
RR_P1_2,S2: fibrosis + myelinating oligo loss,0.9217412175361743,0.7329016026618914,2.976120828967154,-0.18163737203512864,167,peak,RR,PEAK1,run3
RR_P1_2,S3: astro reactivity + MHC-II / IFN,1.1425245613701462,-0.28577085888348264,-0.31027104312206644,-0.28352096600612026,3302,peak,RR,PEAK1,run3
RR_P1_2,S4: monocyte-derived myeloid + oligo disease state,1.1397951366575536,0.10060642954531503,2.9312303941918287,-0.0987762826376049,7733,peak,RR,PEAK1,run3
RR_P1_2,S5: infiltration + microglia homeostasis loss,1.0565738856569484,0.8441903579606742,-0.6749439971537439,0.39891135009155887,2060,peak,RR,PEAK1,run3
RR_P1_2,no lesion,1.0,-0.22788576972587143,-0.4334984193802438,-0.11602845630679251,2263,peak,RR,PEAK1,run3
RR_P1_2,not scored,,0.12429798156681549,0.9177572007839705,-0.1901501850706822,3514,peak,RR,PEAK1,run3
RR_P1_3,S0: astro reactivity + oligo disease state,0.987047028451085,-0.1719567399241213,-0.41531599385389256,-0.09821902922840026,3816,peak,RR,PEAK1,run3
RR_P1_3,S1: monocyte-derived myeloid + microglia homeostasis loss,0.6389679463993656,1.936680653246355,1.3731745202509877,0.327800235752121,4573,peak,RR,PEAK1,run3
RR_P1_3,S2: fibrosis + myelinating oligo loss,0.7465651625554337,0.47818650444905875,0.48467426598582264,-0.10065149151746433,454,peak,RR,PEAK1,run3
RR_P1_3,S3: astro reactivity + MHC-II / IFN,0.8899127552582156,-0.1974917040822409,-0.6205111086871518,-0.001986997851858929,3708,peak,RR,PEAK1,run3
RR_P1_3,S4: monocyte-derived myeloid + oligo disease state,0.6670057103932495,0.029572560938273457,0.6135987243120875,-0.07217385443444894,6538,peak,RR,PEAK1,run3
RR_P1_3,S5: infiltration + microglia homeostasis loss,0.8523235796609144,0.16290321075390846,-0.6200698466985931,0.2791724143832259,897,peak,RR,PEAK1,run3
RR_P1_3,no lesion,1.0,-0.21123850897184632,-0.6609610496426762,-0.2374144191711149,3315,peak,RR,PEAK1,run3
RR_P1_3,not scored,,-0.1664981403907966,-0.3116684208381387,-0.4485181853686694,2525,peak,RR,PEAK1,run3
RR_P1_5,S0: astro reactivity + oligo disease state,1.1937548610723117,-0.05382740422255277,-0.3352306629272327,0.18963258077795114,7811,peak,RR,PEAK1,run6
RR_P1_5,S1: monocyte-derived myeloid + microglia homeostasis loss,0.5595588122384622,0.6859442422325048,1.7575527807168885,0.0942298933883716,10896,peak,RR,PEAK1,run6
RR_P1_5,S2: fibrosis + myelinating oligo loss,1.0558308137571024,1.1549616068774942,3.3865758924375737,-0.06643573151716473,453,peak,RR,PEAK1,run6
RR_P1_5,S3: astro reactivity + MHC-II / IFN,0.932196169994961,-0.30407177528243173,-0.16919088382019604,0.2036379825071602,1389,peak,RR,PEAK1,run6
RR_P1_5,S4: monocyte-derived myeloid + oligo disease state,1.0523426410159884,-0.04001036475290189,0.34778715197355503,-0.1740817342670167,7981,peak,RR,PEAK1,run6
RR_P1_5,S5: infiltration + microglia homeostasis loss,0.7773455159460628,0.4657073932175616,2.5709118232435753,0.010192714173147249,2395,peak,RR,PEAK1,run6
RR_P1_5,no lesion,1.0,-0.09936213909620811,-0.2869959603742229,0.23252897757148053,463,peak,RR,PEAK1,run6
RR_P1_5,not scored,,-0.03181480109076551,-0.02429357013628068,-0.0853932218695988,3023,peak,RR,PEAK1,run6
RR_P2M_1,S0: astro reactivity + oligo disease state,0.8623050674525348,0.022534139075050065,2.5655211501742388,-0.13342428868377929,2919,peak,RR,PEAK2_MILD,run2
RR_P2M_1,S1: monocyte-derived myeloid + microglia homeostasis loss,0.9454485386007535,12.378627528468733,7.321448533610541,0.27012723782983517,2356,peak,RR,PEAK2_MILD,run2
RR_P2M_1,S2: fibrosis + myelinating oligo loss,0.9075034396877213,3.8418373527371275,5.212553756257994,0.20855570771029294,2346,peak,RR,PEAK2_MILD,run2
RR_P2M_1,S3: astro reactivity + MHC-II / IFN,0.969692013368946,-0.15539630325900294,-0.12036137125097529,-0.2291313487957757,1956,peak,RR,PEAK2_MILD,run2
RR_P2M_1,S4: monocyte-derived myeloid + oligo disease state,1.0156238809400302,1.689638073090172,5.007239659281819,0.08057436698257109,2562,peak,RR,PEAK2_MILD,run2
RR_P2M_1,S5: infiltration + microglia homeostasis loss,0.9743759430528453,2.6618842131738907,0.6856224293678159,0.3663997579538089,2418,peak,RR,PEAK2_MILD,run2
RR_P2M_1,no lesion,1.0,-0.15720987952190169,-0.06397601018917305,-0.28424677972422335,12518,peak,RR,PEAK2_MILD,run2
RR_P2M_1,not scored,,3.655690246013325,2.286196508607903,-0.046475675394587065,2065,peak,RR,PEAK2_MILD,run2
RR_P2M_2,S0: astro reactivity + oligo disease state,1.026985726317871,-0.006308204567211866,1.0939077907469534,-0.2580890049554446,3137,peak,RR,PEAK2_MILD,run2
RR_P2M_2,S1: monocyte-derived myeloid + microglia homeostasis loss,1.019384449725518,16.463243699800916,7.699683171535175,0.4121547432800749,1936,peak,RR,PEAK2_MILD,run2
RR_P2M_2,S2: fibrosis + myelinating oligo loss,1.018202269226015,4.142760730251476,5.024882811676655,0.07302869376396162,2426,peak,RR,PEAK2_MILD,run2
RR_P2M_2,S3: astro reactivity + MHC-II / IFN,0.9103187006314435,-0.14727888883836673,-0.4142215296585087,-0.14040346392177588,2492,peak,RR,PEAK2_MILD,run2
RR_P2M_2,S4: monocyte-derived myeloid + oligo disease state,1.0114894639092091,1.9252933992793297,5.563512340210097,0.1443541876644157,2469,peak,RR,PEAK2_MILD,run2
RR_P2M_2,S5: infiltration + microglia homeostasis loss,0.9316924363742598,0.7939865661657566,0.8978671327446133,0.3695545559127962,2593,peak,RR,PEAK2_MILD,run2
RR_P2M_2,no lesion,1.0,-0.14580605135113942,-0.38670566219014524,-0.30208556013972027,10641,peak,RR,PEAK2_MILD,run2
RR_P2M_2,not scored,,2.679290798041727,0.9033618946150287,-0.03572854634693351,1564,peak,RR,PEAK2_MILD,run2
RR_P2_3,S0: astro reactivity + oligo disease state,1.1044504572447298,-0.005949033437969983,2.1967753871129396,0.008469895977955229,3333,peak,RR,PEAK2,run3
RR_P2_3,S1: monocyte-derived myeloid + microglia homeostasis loss,0.7472889479220204,9.629149525227866,8.025281877720861,0.260637733347123,7368,peak,RR,PEAK2,run3
RR_P2_3,S2: fibrosis + myelinating oligo loss,0.9690944109750934,3.133867533455036,5.464859301487769,0.045922965424513205,1299,peak,RR,PEAK2,run3
RR_P2_3,S3: astro reactivity + MHC-II / IFN,0.976767709047996,-0.17101806007300344,0.694116998606292,-0.13309147719848952,2033,peak,RR,PEAK2,run3
RR_P2_3,S4: monocyte-derived myeloid + oligo disease state,1.0426719648984066,1.1344957608483777,5.923883118239022,0.021450273551080284,4191,peak,RR,PEAK2,run3
RR_P2_3,S5: infiltration + microglia homeostasis loss,0.8740953638787867,1.7602289044004324,2.558005991978399,0.14111067918884157,1219,peak,RR,PEAK2,run3
RR_P2_3,no lesion,1.0,-0.15062041577381416,-0.061127452089816355,-0.20965519010654532,5438,peak,RR,PEAK2,run3
RR_P2_3,not scored,,0.35844139044346096,3.948087406156155,-0.1363697812159488,1215,peak,RR,PEAK2,run3
RR_P2_4,S0: astro reactivity + oligo disease state,1.3009163666873813,-0.11124472989447093,-0.2449991404226383,0.2187221252092225,6465,peak,RR,PEAK2,run6
RR_P2_4,S1: monocyte-derived myeloid + microglia homeostasis loss,1.7647527190181453,2.5076989877710014,2.7262344229969937,0.18465965363935094,16950,peak,RR,PEAK2,run6
RR_P2_4,S2: fibrosis + myelinating oligo loss,1.3934363452405056,0.9693307661033913,1.7473014827691125,-0.11963357366224364,1155,peak,RR,PEAK2,run6
RR_P2_4,S3: astro reactivity + MHC-II / IFN,0.9343624696943948,-0.1445984661891572,-0.3712882215658593,0.1557616465397728,1148,peak,RR,PEAK2,run6
RR_P2_4,S4: monocyte-derived myeloid + oligo disease state,1.2855288608789186,0.2697633871471679,1.9870695040657085,-0.07091179831391677,6890,peak,RR,PEAK2,run6
RR_P2_4,S5: infiltration + microglia homeostasis loss,0.7623659529622893,0.25260827239317907,1.0092815935692616,-0.23806806641714306,3461,peak,RR,PEAK2,run6
RR_P2_4,no lesion,1.0,-0.13012084224126788,-0.450556287930922,0.12630215524603997,3146,peak,RR,PEAK2,run6
RR_P2_4,not scored,,-0.03608596830306539,0.5652035512551674,-0.2902127707715039,5469,peak,RR,PEAK2,run6
RR_P3_1,S0: astro reactivity + oligo disease state,1.0687279240859349,-0.1750257419405358,-0.053978209578384395,-0.04402163096930965,3574,peak,RR,PEAK3,run2
RR_P3_1,S1: monocyte-derived myeloid + microglia homeostasis loss,1.1917639295321745,9.501744731935732,4.806130857441756,0.08952260256025656,6208,peak,RR,PEAK3,run2
RR_P3_1,S2: fibrosis + myelinating oligo loss,1.163622792131485,2.7096986292840217,2.37483055949341,0.09627049657237245,1701,peak,RR,PEAK3,run2
RR_P3_1,S3: astro reactivity + MHC-II / IFN,0.9846328576036256,-0.2127070289460037,-0.37832297982378027,-0.0361029819970982,1508,peak,RR,PEAK3,run2
RR_P3_1,S4: monocyte-derived myeloid + oligo disease state,1.1237918053263887,1.3459775534999685,2.2866572842522794,0.018538009549911638,3063,peak,RR,PEAK3,run2
RR_P3_1,S5: infiltration + microglia homeostasis loss,1.154590078982201,0.19482761429868883,2.40366554754569,0.30229968974808247,1537,peak,RR,PEAK3,run2
RR_P3_1,no lesion,1.0,-0.21985429114065835,-0.4818245524268957,-0.15448016091881603,10985,peak,RR,PEAK3,run2
RR_P3_1,not scored,,1.1289075509649333,0.6933526128832699,0.06145610103815428,3157,peak,RR,PEAK3,run2
RR_P3_2,S0: astro reactivity + oligo disease state,1.5309910628723034,-0.23401877326858456,0.01784783091811256,-0.06450192830167681,6530,peak,RR,PEAK3,run3
RR_P3_2,S1: monocyte-derived myeloid + microglia homeostasis loss,0.9234931325957079,0.9074434018816403,0.5228870248992437,0.03491911515300142,13795,peak,RR,PEAK3,run3
RR_P3_2,S2: fibrosis + myelinating oligo loss,1.2661221542639944,0.5439256093574172,0.4299756321244932,-0.011285610719016476,1579,peak,RR,PEAK3,run3
RR_P3_2,S3: astro reactivity + MHC-II / IFN,1.1147047858718173,-0.2635732475260354,-0.16004127707359098,-0.1560453517227697,1500,peak,RR,PEAK3,run3
RR_P3_2,S4: monocyte-derived myeloid + oligo disease state,0.8870795492456442,0.18402113950330962,0.4583781437127178,-0.07312318644138396,10865,peak,RR,PEAK3,run3
RR_P3_2,S5: infiltration + microglia homeostasis loss,0.8134832024772388,0.8884366493136402,0.7859553252157776,0.5042039135700147,1972,peak,RR,PEAK3,run3
RR_P3_2,no lesion,1.0,-0.22360476254171666,-0.5862452920378651,-0.23513653763048312,2506,peak,RR,PEAK3,run3
RR_P3_2,not scored,,-0.03998743775992465,0.4527937728967569,-0.1718461440947656,2164,peak,RR,PEAK3,run3
RR_P3_3,S0: astro reactivity + oligo disease state,1.1203053244896126,-0.1779891411924619,-0.2338914344454755,-0.1337871545682561,5400,peak,RR,PEAK3,run3
RR_P3_3,S1: monocyte-derived myeloid + microglia homeostasis loss,1.163296651926124,3.667032638058304,2.4249305671822303,0.22407055620003116,7768,peak,RR,PEAK3,run3
RR_P3_3,S2: fibrosis + myelinating oligo loss,0.8975129140352801,3.429548290290275,1.373927412450545,0.007118702641181713,2412,peak,RR,PEAK3,run3
RR_P3_3,S3: astro reactivity + MHC-II / IFN,0.9600219352742518,-0.18489120798712547,-0.39963290463229373,-0.06891870892152063,1467,peak,RR,PEAK3,run3
RR_P3_3,S4: monocyte-derived myeloid + oligo disease state,1.2338307628293286,0.8609387105867816,1.453615216863834,-0.04488714682446198,4328,peak,RR,PEAK3,run3
RR_P3_3,S5: infiltration + microglia homeostasis loss,0.8832121151631223,1.907200729207499,1.327763583114813,0.29851570364567864,2321,peak,RR,PEAK3,run3
RR_P3_3,no lesion,1.0,-0.2044208980346389,-0.6330003390273179,-0.3748956389240878,6113,peak,RR,PEAK3,run3
RR_P3_3,not scored,,0.027690329409514436,0.6836034756358034,-0.31966620543803437,4132,peak,RR,PEAK3,run3
RR_P3_4,S0: astro reactivity + oligo disease state,0.848464984490062,0.037730753663425584,1.0390452804224677,-0.19262278852289003,2792,peak,RR,PEAK3,run5
RR_P3_4,S1: monocyte-derived myeloid + microglia homeostasis loss,0.7859943412278084,3.34350851357334,2.614156453166472,0.4093648764011356,1199,peak,RR,PEAK3,run5
RR_P3_4,S2: fibrosis + myelinating oligo loss,0.7317901941280645,2.4951187376779407,3.0324083654560043,0.12824968411684132,2752,peak,RR,PEAK3,run5
RR_P3_4,S3: astro reactivity + MHC-II / IFN,1.0063836769738121,-0.023539724833700246,-0.2043329580599901,0.19512607706991508,1062,peak,RR,PEAK3,run5
RR_P3_4,S4: monocyte-derived myeloid + oligo disease state,1.0148789081967755,0.5791740581231292,1.3546358423010407,0.289453808128828,2283,peak,RR,PEAK3,run5
RR_P3_4,S5: infiltration + microglia homeostasis loss,1.1058151422271094,0.13087567543420564,1.2419193391564294,0.32811238263867226,2031,peak,RR,PEAK3,run5
RR_P3_4,no lesion,1.0,-0.04106015964963063,-0.220927750059731,-0.09016058451039921,12264,peak,RR,PEAK3,run5
RR_P3_4,not scored,,0.5323424991822444,0.5229104799064537,-0.13142540221615095,2319,peak,RR,PEAK3,run5
RR_P3_5,S0: astro reactivity + oligo disease state,1.064402983576237,0.13607252193208047,1.32943816657572,-0.05348297586290806,1844,peak,RR,PEAK3,run6
RR_P3_5,S1: monocyte-derived myeloid + microglia homeostasis loss,1.3894040549129443,1.7715980605028236,1.0857645937024862,0.17104762298931903,294,peak,RR,PEAK3,run6
RR_P3_5,S2: fibrosis + myelinating oligo loss,1.2318671898206404,2.4440228695177426,1.9131296116210956,0.14150824664266454,4665,peak,RR,PEAK3,run6
RR_P3_5,S3: astro reactivity + MHC-II / IFN,1.0348710789311157,0.06036642009954893,0.12857892971077275,0.1424599178531566,874,peak,RR,PEAK3,run6
RR_P3_5,S4: monocyte-derived myeloid + oligo disease state,1.3188917534177507,1.2146855329792636,-0.07093748071460917,-0.06498671756074913,450,peak,RR,PEAK3,run6
RR_P3_5,S5: infiltration + microglia homeostasis loss,0.9168744332819299,0.7476191918232842,1.6491968741386271,0.22483920710651242,2813,peak,RR,PEAK3,run6
RR_P3_5,no lesion,1.0,-0.026671076347608232,-0.19969284995562098,-0.17104295936098163,14808,peak,RR,PEAK3,run6
RR_P3_5,not scored,,0.7925447391743543,-0.02397728232127663,-0.043906812229614345,1717,peak,RR,PEAK3,run6
RR_R1_1,S0: astro reactivity + oligo disease state,0.9442141550610341,0.010245586053807388,0.9732725836983976,-0.16437209153843652,3619,recovery,RR,REMISSION1,run2
RR_R1_1,S1: monocyte-derived myeloid + microglia homeostasis loss,1.025505077071611,9.595042678007944,6.512738770578803,0.19281885361800094,1663,recovery,RR,REMISSION1,run2
RR_R1_1,S2: fibrosis + myelinating oligo loss,1.075123662842688,2.7914377788618694,4.6155146208681845,-0.12315987351952533,956,recovery,RR,REMISSION1,run2
RR_R1_1,S3: astro reactivity + MHC-II / IFN,0.9648318750501058,-0.15366532982006081,-0.4628897062164249,-0.09798660721279553,5736,recovery,RR,REMISSION1,run2
RR_R1_1,S4: monocyte-derived myeloid + oligo disease state,1.177296842849149,1.0009502156774066,3.884457235967791,0.18732114211790046,1609,recovery,RR,REMISSION1,run2
RR_R1_1,S5: infiltration + microglia homeostasis loss,1.1010072368896089,0.5543937150676709,2.5245289271931677,0.36221651576039293,1209,recovery,RR,REMISSION1,run2
RR_R1_1,no lesion,1.0,-0.18363126211293773,-0.11644381056368912,-0.2693317748540171,6681,recovery,RR,REMISSION1,run2
RR_R1_1,not scored,,5.932822683307975,3.208770876064148,-0.09121321132573734,2345,recovery,RR,REMISSION1,run2
RR_R1_2,S0: astro reactivity + oligo disease state,1.1615812541823618,-0.12184847601412138,2.375695828108306,-0.10727807892759414,2855,recovery,RR,REMISSION1,run2
RR_R1_2,S1: monocyte-derived myeloid + microglia homeostasis loss,1.022805373185033,12.318021673007788,13.172314403360172,0.12793302543826127,5573,recovery,RR,REMISSION1,run2
RR_R1_2,S2: fibrosis + myelinating oligo loss,1.1457626888588992,1.985781336537073,4.4050480218364,0.16493387531788758,862,recovery,RR,REMISSION1,run2
RR_R1_2,S3: astro reactivity + MHC-II / IFN,1.0119242685601821,-0.18901820931826036,0.7787327443581484,0.0062492817097302145,1092,recovery,RR,REMISSION1,run2
RR_R1_2,S4: monocyte-derived myeloid + oligo disease state,0.9569850375763026,2.472582690466083,9.906204589266617,0.0420394435960688,3115,recovery,RR,REMISSION1,run2
RR_R1_2,S5: infiltration + microglia homeostasis loss,0.9113039931954441,3.494589041997546,8.54248600416884,0.010390914608950613,1020,recovery,RR,REMISSION1,run2
RR_R1_2,no lesion,1.0,-0.21794485996837198,-0.22730563875426976,-0.2450049346351687,5889,recovery,RR,REMISSION1,run2
RR_R1_2,not scored,,0.9697103048564027,4.337347482903672,-0.3056026979181076,2525,recovery,RR,REMISSION1,run2
RR_R1_3,S0: astro reactivity + oligo disease state,0.855064138959466,-0.10923596693431581,0.46405334477788374,-0.2722855069282931,1947,recovery,RR,REMISSION1,run3
RR_R1_3,S1: monocyte-derived myeloid + microglia homeostasis loss,1.0255557236170905,8.080763178857897,3.1595166094868787,0.22589655528988017,1479,recovery,RR,REMISSION1,run3
RR_R1_3,S2: fibrosis + myelinating oligo loss,0.9509108924937326,1.6287726798248778,2.7668694404708036,-0.05725571167504023,1224,recovery,RR,REMISSION1,run3
RR_R1_3,S3: astro reactivity + MHC-II / IFN,0.9975768047606943,-0.15350363576112716,-0.5131805845633347,-0.2490304384744619,3630,recovery,RR,REMISSION1,run3
RR_R1_3,S4: monocyte-derived myeloid + oligo disease state,0.8879228634293235,0.19476504842913975,1.7732614413149845,-0.1149897199599481,946,recovery,RR,REMISSION1,run3
RR_R1_3,S5: infiltration + microglia homeostasis loss,1.0939267849427372,0.9381908156331056,-0.032599712993690494,-0.07499557727580869,1490,recovery,RR,REMISSION1,run3
RR_R1_3,no lesion,1.0,-0.16953063515013397,-0.5134500275351765,-0.3968076991274452,9293,recovery,RR,REMISSION1,run3
RR_R1_3,not scored,,2.690922514450888,0.9286395455615551,0.20409571006704252,1679,recovery,RR,REMISSION1,run3
RR_R1_4,S0: astro reactivity + oligo disease state,1.0953134468282555,-0.07724138523822689,0.2973258432792883,-0.25250586767530697,2482,recovery,RR,REMISSION1,run6
RR_R1_4,S1: monocyte-derived myeloid + microglia homeostasis loss,1.5662550723405575,3.4782343573305163,2.3393691140709647,0.06978144160475713,3044,recovery,RR,REMISSION1,run6
RR_R1_4,S2: fibrosis + myelinating oligo loss,1.4933419538147625,1.2500733494750857,2.3915956173158843,0.05084474651643649,2395,recovery,RR,REMISSION1,run6
RR_R1_4,S3: astro reactivity + MHC-II / IFN,1.1267489535009505,-0.08670525159501968,-0.47592757469052444,-0.1945030423001942,1657,recovery,RR,REMISSION1,run6
RR_R1_4,S4: monocyte-derived myeloid + oligo disease state,1.1293010090896953,0.4332795521721199,2.278207710524928,-0.04199113421577763,1580,recovery,RR,REMISSION1,run6
RR_R1_4,S5: infiltration + microglia homeostasis loss,1.0120881669878359,0.6406933207140189,1.18803679085219,0.13905843295787246,2338,recovery,RR,REMISSION1,run6
RR_R1_4,no lesion,1.0,-0.08220951711897295,-0.47328655020512483,-0.48233022320054325,13810,recovery,RR,REMISSION1,run6
RR_R1_4,not scored,,2.4620933180720344,-0.2234857528375212,-0.1442527289479198,4129,recovery,RR,REMISSION1,run6
RR_R1_6,S0: astro reactivity + oligo disease state,0.9702104634785919,-0.0307685194982807,0.9042469831809996,0.0985052925674632,879,recovery,RR,REMISSION1,run5
RR_R1_6,S1: monocyte-derived myeloid + microglia homeostasis loss,0.623516365424631,2.1075927954510245,4.520253069413792,0.3945959366709993,1324,recovery,RR,REMISSION1,run5
RR_R1_6,S2: fibrosis + myelinating oligo loss,0.814737687152059,0.7699155576225546,2.304189039025566,0.028431844489986695,1606,recovery,RR,REMISSION1,run5
RR_R1_6,S3: astro reactivity + MHC-II / IFN,1.0442149113577375,-0.0038781873549049977,-0.2252198661066058,-0.06683083312223617,1891,recovery,RR,REMISSION1,run5
RR_R1_6,S4: monocyte-derived myeloid + oligo disease state,0.7944351739818509,0.17796309392956172,1.435684899814024,0.08669774081713645,731,recovery,RR,REMISSION1,run5
RR_R1_6,S5: infiltration + microglia homeostasis loss,0.8372045088389637,-0.011891583156990338,0.3316931989335459,0.07059343435520893,1872,recovery,RR,REMISSION1,run5
RR_R1_6,no lesion,1.0,-0.024260159022628923,-0.3055201698434354,-0.33610198296357935,14723,recovery,RR,REMISSION1,run5
RR_R1_6,not scored,,0.28398064390593103,0.13407502036500438,0.20638087181698758,1489,recovery,RR,REMISSION1,run5
RR_R2LONG_1,S0: astro reactivity + oligo disease state,0.8953045458803501,0.22507635710798174,2.2247230648637,-0.022354331828949105,639,recovery,RR,REMISSION2_LONG,run3
RR_R2LONG_1,S2: fibrosis + myelinating oligo loss,1.0300402605560905,4.754817447817542,4.55723257053636,0.144671855524765,1110,recovery,RR,REMISSION2_LONG,run3
RR_R2LONG_1,S3: astro reactivity + MHC-II / IFN,1.0355366218777795,0.29777269996207817,1.6736607467341622,0.22021633485293302,267,recovery,RR,REMISSION2_LONG,run3
RR_R2LONG_1,S4: monocyte-derived myeloid + oligo disease state,0.9424369647844467,2.2833320245108912,6.971928534170149,0.28792654456536215,71,recovery,RR,REMISSION2_LONG,run3
RR_R2LONG_1,S5: infiltration + microglia homeostasis loss,1.1223609394985516,2.1722205055632986,3.1789025376079927,-0.05759385776081012,685,recovery,RR,REMISSION2_LONG,run3
RR_R2LONG_1,no lesion,1.0,-0.08169373733901708,-0.06131231320547034,-0.05708772114940468,17314,recovery,RR,REMISSION2_LONG,run3
RR_R2LONG_1,not scored,,2.027957378644057,2.1535860965707503,-0.06124965417400792,1847,recovery,RR,REMISSION2_LONG,run3
RR_R2_3,S0: astro reactivity + oligo disease state,1.0692170911007886,0.343514297535749,1.7050495513560262,-0.10883685021666088,983,recovery,RR,REMISSION2,run6
RR_R2_3,S1: monocyte-derived myeloid + microglia homeostasis loss,0.9452890503329031,3.1899756776820922,1.5360076714435085,-0.17200008426223615,121,recovery,RR,REMISSION2,run6
RR_R2_3,S2: fibrosis + myelinating oligo loss,1.2348476963781563,1.455919763608839,2.179354909846861,-0.057585163020770797,2313,recovery,RR,REMISSION2,run6
RR_R2_3,S3: astro reactivity + MHC-II / IFN,1.0467712326617833,0.047600014851261856,1.2144633121815611,-0.3120820846891441,630,recovery,RR,REMISSION2,run6
RR_R2_3,S4: monocyte-derived myeloid + oligo disease state,0.9519488686802666,0.547817491363396,1.2723468965294835,0.011458841185197789,132,recovery,RR,REMISSION2,run6
RR_R2_3,S5: infiltration + microglia homeostasis loss,0.9990886567037315,-0.0373058224465118,2.8162582811753674,0.2228284758095286,1062,recovery,RR,REMISSION2,run6
RR_R2_3,no lesion,1.0,-0.04803405629263121,-0.1537181601411352,-0.2524416784108786,17294,recovery,RR,REMISSION2,run6
RR_R2_3,not scored,,0.26275587972232584,0.4312455663079941,-0.5971617930383231,3619,recovery,RR,REMISSION2,run6
RR_R2_4,S0: astro reactivity + oligo disease state,1.1964911462909045,-0.005517961682169693,1.2160779477405523,-0.07938497903648628,1921,recovery,RR,REMISSION2,run6
RR_R2_4,S1: monocyte-derived myeloid + microglia homeostasis loss,1.462693254062514,5.487221303942416,7.126400762597254,0.1521859318610252,218,recovery,RR,REMISSION2,run6
RR_R2_4,S2: fibrosis + myelinating oligo loss,1.4695321102328653,2.8251919340351583,3.779465447731063,0.0909469490382188,4805,recovery,RR,REMISSION2,run6
RR_R2_4,S3: astro reactivity + MHC-II / IFN,1.1061725468312078,-0.03196440179178524,-0.03099303796223651,-0.1755566040381686,969,recovery,RR,REMISSION2,run6
RR_R2_4,S4: monocyte-derived myeloid + oligo disease state,1.175445499076735,0.4915167076475429,0.904780577622424,-0.3151746198482249,354,recovery,RR,REMISSION2,run6
RR_R2_4,S5: infiltration + microglia homeostasis loss,0.93907828285442,1.035305647975112,2.001316108507684,-0.1664454238825752,1570,recovery,RR,REMISSION2,run6
RR_R2_4,no lesion,1.0,-0.10488214915325253,-0.5294612026564183,-0.5099897232505964,17908,recovery,RR,REMISSION2,run6
RR_R2_4,not scored,,0.9448832666735686,0.3638805957122937,-0.2865777657286123,2094,recovery,RR,REMISSION2,run6
RR_R2_5,S0: astro reactivity + oligo disease state,0.8607182769257297,0.028895868744821848,0.8292966857560247,-0.019505578749611178,1178,recovery,RR,REMISSION2,run5
RR_R2_5,S1: monocyte-derived myeloid + microglia homeostasis loss,0.6500726553406946,0.5368317927742323,3.367302708064794,0.2344617630246962,581,recovery,RR,REMISSION2,run5
RR_R2_5,S2: fibrosis + myelinating oligo loss,0.857728494833429,2.293686411052568,2.5285719300535225,0.06989077217462543,2589,recovery,RR,REMISSION2,run5
RR_R2_5,S3: astro reactivity + MHC-II / IFN,0.9771590702162664,0.00435371391277703,-0.2487477955980078,0.16802417769450373,405,recovery,RR,REMISSION2,run5
RR_R2_5,S4: monocyte-derived myeloid + oligo disease state,0.8163217034446124,0.5438567627877878,2.31938077945499,0.09519747597865526,363,recovery,RR,REMISSION2,run5
RR_R2_5,S5: infiltration + microglia homeostasis loss,0.8944748102014377,-0.026661986601743813,0.8294541660855439,0.027592869763780625,1683,recovery,RR,REMISSION2,run5
RR_R2_5,no lesion,1.0,-0.011543747090489904,-0.2356038188477055,-0.1260680886159309,15300,recovery,RR,REMISSION2,run5
RR_R2_5,not scored,,0.1301933600398466,0.5414118276543719,-0.35623729829940715,2382,recovery,RR,REMISSION2,run5
