measure,MONOPHASIC,PEAK2/2_MILD,n MONOPHASIC,n PEAK2/2_MILD,diff,p
lesion share,0.34820625231165653,0.681631745872467,4,4,0.33342549356081047,0.02857142857142857
S0: astro reactivity + oligo disease state,0.061376467209443564,0.12805191045098901,4,4,0.06667544324154545,0.05714285714285714
S1: monocyte-derived myeloid + microglia homeostasis loss,0.05303511033975719,0.18895267564870238,4,4,0.1359175653089452,0.34285714285714286
S2: fibrosis + myelinating oligo loss,0.08049151815823988,0.06870523410010854,4,4,-0.011786284058131341,0.8857142857142857
S3: astro reactivity + MHC-II / IFN,0.03747582960870812,0.07879760616661186,4,4,0.041321776557903735,0.2
S4: monocyte-derived myeloid + oligo disease state,0.051625167539070566,0.13173776742615817,4,4,0.0801125998870876,0.11428571428571428
S5: infiltration + microglia homeostasis loss,0.05915999034860293,0.0894944580381549,4,4,0.030334467689551968,0.2
MOL per WM cell,0.11445229645339297,0.05147232505897753,4,4,-0.06297997139441544,0.2
neurons per GM cell,0.4009614251251385,0.3343628805387222,4,4,-0.06659854458641629,0.02857142857142857
frac B cell,0.009061066288165867,0.01911195106726078,4,4,0.010050884779094911,0.34285714285714286
frac T cell,0.03399375565638448,0.039991559181474526,4,4,0.005997803525090044,0.6857142857142857
frac MDM,0.005822857802995246,0.04797719997186719,4,4,0.04215434216887194,0.11428571428571428
frac Reactive astro,0.04801179902761368,0.05773568681469304,4,4,0.009723887787079354,0.02857142857142857
frac DAO,0.0647721059678581,0.07642413641519563,4,4,0.011652030447337536,0.34285714285714286
lesion axis: infiltration,1.5391345024108887,1.358161211013794,4,4,-0.18097329139709473,0.34285714285714286
lesion axis: monocyte-derived myeloid,2.086991786956787,3.809077739715576,4,4,1.722085952758789,0.11428571428571428
lesion axis: lipid-assoc. myeloid,5.868814468383789,7.3722381591796875,4,4,1.5034236907958984,0.02857142857142857
lesion axis: MHC-II / IFN,5.656011581420898,6.423391819000244,4,4,0.7673802375793457,0.6857142857142857
lesion axis: astro reactivity,2.5187716484069824,2.4092416763305664,4,4,-0.10952997207641602,0.6857142857142857
lesion axis: oligo disease state,1.966092586517334,1.7975115776062012,4,4,-0.1685810089111328,0.34285714285714286
lesion axis: myelinating oligo loss,1.4745514392852783,1.5644584894180298,4,4,0.08990705013275146,1.0
lesion axis: microglia homeostasis loss,-0.6746495962142944,-0.4014979600906372,4,4,0.2731516361236572,0.8857142857142857
lesion axis: fibrosis,1.6254465579986572,1.5420013666152954,4,4,-0.08344519138336182,0.8857142857142857
lesion axis: cellularity,1.8265705108642578,2.101689100265503,4,4,0.2751185894012451,0.2
WM lesion neuropil index,0.999526136925091,0.9549799089671972,4,4,-0.04454622795789376,0.8857142857142857
img lesion: neuropil index,0.9917123070982684,0.9741153727695937,4,4,-0.017596934328674707,0.8857142857142857
img lesion: tissue vimentin (z),1.8657611315528577,0.9610010261798038,4,4,-0.904760105373054,0.34285714285714286
img lesion: astro vimentin (z),3.3425246864740985,2.975759164323628,4,4,-0.3667655221504704,0.4857142857142857
img lesion: myeloid 18S texture (z),0.09485395683299735,0.11720403040322663,4,4,0.02235007357022928,0.4857142857142857
img non-lesion: neuropil index,1.0,1.0,4,4,0.0,1.0
img non-lesion: tissue vimentin (z),-0.15160608022951316,-0.1482132335624768,4,4,0.0033928466670363755,0.8857142857142857
img non-lesion: astro vimentin (z),-0.3913593484635778,-0.22534083618965914,4,4,0.16601851227391864,0.4857142857142857
img non-lesion: myeloid 18S texture (z),-0.1843173138026794,-0.24695098491538434,4,4,-0.06263367111270493,0.8857142857142857
first_peak,2.5,2.75,4,4,0.25,0.2784463052387641
nadir_after_first,0.25,0.625,4,4,0.375,0.16347530564295654
auc,20.8125,30.625,4,4,9.8125,0.05714285714285714
max_weight_loss_pct,19.420117969225117,22.156594190492495,4,4,2.7364762212673774,0.4857142857142857
