state,readout,peak,recovery,n_peak,n_rec,p,q (BH)
S0: astro reactivity + oligo disease state,neuropil index,1.026985726317871,0.9157344146451508,19,13,0.37750834876094097,0.7046822510204233
S0: astro reactivity + oligo disease state,tissue vimentin (z),-0.09221876734168205,-0.005517961682169693,19,13,0.009077534719744653,0.12708548607642514
S0: astro reactivity + oligo disease state,astro vimentin (z),0.15771223102726922,1.1380111426507344,19,13,0.055051348269647395,0.3082875503100254
S0: astro reactivity + oligo disease state,myeloid 18S texture (z),-0.09106010623897565,-0.07938497903648628,19,13,0.9083593250583301,1.0
S1: monocyte-derived myeloid + microglia homeostasis loss,neuropil index,0.7859943412278084,1.025505077071611,19,11,0.1319962288122169,0.39594151014383905
S1: monocyte-derived myeloid + microglia homeostasis loss,tissue vimentin (z),3.34350851357334,7.6593388212506754,19,11,0.15554845041365106,0.39594151014383905
S1: monocyte-derived myeloid + microglia homeostasis loss,astro vimentin (z),3.1257142350099394,4.520253069413792,19,11,0.43854269454200023,0.7674497154485004
S1: monocyte-derived myeloid + microglia homeostasis loss,myeloid 18S texture (z),0.18888976521677428,0.19281885361800094,19,11,1.0,1.0
S2: fibrosis + myelinating oligo loss,neuropil index,0.9217412175361743,1.0653589220720714,19,13,0.07133130299929448,0.3102597117926043
S2: fibrosis + myelinating oligo loss,tissue vimentin (z),2.4951187376779407,2.7914377788618694,19,13,0.3374401847412889,0.7046822510204233
S2: fibrosis + myelinating oligo loss,astro vimentin (z),3.3865758924375737,3.846801942025938,19,13,0.878021606681978,1.0
S2: fibrosis + myelinating oligo loss,myeloid 18S texture (z),0.045922965424513205,0.06989077217462543,19,13,0.5911489427210507,0.8650860417251076
S3: astro reactivity + MHC-II / IFN,neuropil index,0.9600219352742518,1.0119242685601821,19,13,0.24969831874098736,0.5826294103956372
S3: astro reactivity + MHC-II / IFN,tissue vimentin (z),-0.17101806007300344,-0.03196440179178524,19,13,0.0045207427311867755,0.12658079647322973
S3: astro reactivity + MHC-II / IFN,astro vimentin (z),-0.16919088382019604,-0.2252198661066058,19,13,0.9693931464041992,1.0
S3: astro reactivity + MHC-II / IFN,myeloid 18S texture (z),-0.08616202061141581,-0.09798660721279553,19,13,0.7012051498520031,0.9349401998026708
S4: monocyte-derived myeloid + oligo disease state,neuropil index,1.0156238809400302,0.9569850375763026,19,13,0.878021606681978,1.0
S4: monocyte-derived myeloid + oligo disease state,tissue vimentin (z),0.3872482986220419,1.0009502156774066,19,13,0.07756492794815108,0.3102597117926043
S4: monocyte-derived myeloid + oligo disease state,astro vimentin (z),2.2866572842522794,2.497878581888788,19,13,0.8179235493401322,1.0
S4: monocyte-derived myeloid + oligo disease state,myeloid 18S texture (z),-0.01588265701718873,0.08669774081713645,19,13,0.14483013373951467,0.39594151014383905
S5: infiltration + microglia homeostasis loss,neuropil index,0.8756534944566119,0.9866626539514932,18,13,0.017223279806135573,0.16075061152393202
S5: infiltration + microglia homeostasis loss,tissue vimentin (z),0.7939865661657566,1.014063458865711,19,13,0.5911489427210507,0.8650860417251076
S5: infiltration + microglia homeostasis loss,astro vimentin (z),1.327763583114813,1.2706298991146987,19,13,0.6179186012322198,0.8650860417251076
S5: infiltration + microglia homeostasis loss,myeloid 18S texture (z),0.2791724143832259,0.07059343435520893,19,13,0.0382702532278058,0.2678917725946406
no lesion,neuropil index,1.0,1.0,19,13,1.0,1.0
no lesion,tissue vimentin (z),-0.14126890045921947,-0.10488214915325253,19,13,0.5649253193062427,0.8650860417251076
no lesion,astro vimentin (z),-0.2606733338431499,-0.3055201698434354,19,13,0.3571204139826262,0.7046822510204233
no lesion,myeloid 18S texture (z),-0.17104295936098163,-0.2524416784108786,19,13,0.1345475795210754,0.39594151014383905
