runs,cell_type,animals,rho_all,rho_within_section,n_within,rho_dapi_texture
runs 5/6,Myeloid,25,0.7551557417851654,0.8435969626135144,12,0.12799909276008214
runs 5/6,Astrocyte,25,0.7174174074455668,0.8400819752692913,12,-0.18129962682735037
runs 5/6,Endothelial,25,0.7084691426021568,0.8611718993346292,12,0.3894440481849307
runs 5/6,Fibroblast,25,0.6676183683170243,0.6678475954023656,12,0.18129962682735037
runs 5/6,Oligodendrocyte,25,0.4956560613262755,0.5307630889776694,12,-0.14550656745371038
runs 5/6,Neuron,25,0.3661007485934264,0.6713625827465884,12,-0.13422397265114996
runs 1–3,Myeloid,42,0.45601409052740777,0.613099051884665,18,-0.047513435021660805
runs 1–3,Astrocyte,42,0.586327276735348,0.7614126215058277,18,-0.09256503403183661
runs 1–3,Endothelial,42,0.17749837642806965,-0.0052223087894775555,18,0.2785157140993381
runs 1–3,Fibroblast,42,0.31560737667237904,0.09191263469480498,18,0.1926796984988939
runs 1–3,Oligodendrocyte,42,0.48334047025489146,0.5399867288319792,18,-0.2152465286041732
runs 1–3,Neuron,42,0.024536298914467326,-0.3248276067055039,18,0.09289327883336794
