piece,region_class,runs,stage,lesion_share,ref11_over_ref06,lesion_index_ref06,lesion_index_ref11,nolesion_GM_subregion_share
C2_G1_Bot_0,GM,runs 5/6,SEVERE16,0.41579110012360937,0.9603836,1.0556483268737793,1.0991945266723633,0.5601692673895795
C2_G1_Bot_0,WM,runs 5/6,SEVERE16,0.7324933687002653,0.9042034,1.0483026504516602,1.1593660116195679,
C2_G1_Bot_1,GM,runs 5/6,MILD16,0.09225329476052717,1.006429,0.9317278861999512,0.9257760643959045,0.46246458923512745
C2_G1_Bot_1,WM,runs 5/6,MILD16,0.41644461362771223,0.92742556,1.1112568378448486,1.1982166767120361,
C2_G1_Bot_2,GM,runs 5/6,SEVERE30,0.12850140056022408,0.9836121,1.1081023216247559,1.126564383506775,0.5415829650462033
C2_G1_Bot_2,WM,runs 5/6,SEVERE30,0.7461822011585044,0.86921644,1.0422790050506592,1.1991019248962402,
C2_G1_Mid_0,GM,runs 5/6,OS1,0.04325259515570934,1.001637,0.9369899034500122,0.9354586005210876,0.38698010849909587
C2_G1_Mid_0,WM,runs 5/6,OS1,0.2728093947606143,1.0392485,0.8235429525375366,0.7924408316612244,
C2_G1_Mid_1,GM,runs 5/6,SEVERE16,0.19800460475825019,1.0012664,0.999130368232727,0.9978667497634888,0.5167464114832536
C2_G1_Mid_1,WM,runs 5/6,SEVERE16,0.6485342019543974,1.0483837,0.9467755556106567,0.9030811190605164,
C2_G1_Mid_2,GM,runs 5/6,PEAK1,0.8025908194874684,1.0055821,0.9982010722160339,0.9926599264144897,0.42938659058487877
C2_G1_Top_0,GM,runs 5/6,MILD16,0.14812593703148424,0.94590473,1.406840205192566,1.4872958660125732,0.5223512847588877
C2_G1_Top_0,WM,runs 5/6,MILD16,0.5522552255225522,1.0717202,0.9538142681121826,0.8899843692779541,
C2_G1_Top_1,GM,runs 5/6,NONSYMPTOM,0.021149425287356322,0.998575,,,0.3922029121653358
C2_G1_Top_1,WM,runs 5/6,NONSYMPTOM,0.0016051364365971107,1.0,,,
C2_G1_Top_2,GM,runs 5/6,SEVERE30,0.1756316218418908,0.97437,1.2495454549789429,1.2824137210845947,0.5215027187345527
C2_G1_Top_2,WM,runs 5/6,SEVERE30,0.6886792452830188,0.99136233,1.001440405845642,1.0101659297943115,
C2_G2_Bot_0,GM,runs 5/6,PEAK1,0.7452033768227168,1.5560973,0.9122276902198792,0.5862278938293457,0.6076807228915663
C2_G2_Bot_0,WM,runs 5/6,PEAK1,0.9661818611800875,2.1412604,0.97743821144104,0.4564779996871948,
C2_G2_Bot_2,GM,runs 5/6,SEVERE30,0.054614964500273075,1.0032473,0.9734349250793457,0.9702842235565186,0.5066435586366262
C2_G2_Bot_2,WM,runs 5/6,SEVERE30,0.6435344827586207,0.96499753,1.0230122804641724,1.0601191520690918,
C2_G2_Mid_0,GM,runs 5/6,MILD16,0.014511310285958173,0.9984818,,,0.5249025552187094
C2_G2_Mid_0,WM,runs 5/6,MILD16,0.309680689305626,1.0017388,0.9972207546234131,0.9954898357391357,
C2_G2_Mid_1,GM,runs 5/6,SEVERE16,0.058307926829268296,0.99657404,1.0355793237686157,1.0391393899917603,0.5018211250505868
C2_G2_Mid_1,WM,runs 5/6,SEVERE16,0.543675943786167,1.0049958,0.9964023232460022,0.991449236869812,
C2_G2_Mid_2,GM,runs 5/6,CFA,0.0022997316979685703,0.9988312,,,0.1648098348059931
C2_G2_Mid_2,WM,runs 5/6,CFA,0.028585271317829456,1.0079423,0.886825680732727,0.879837691783905,
C2_G2_Top_1,GM,runs 5/6,SEVERE16,0.43319027181688124,0.9528479,1.0534454584121704,1.105575680732727,0.547198384654215
C2_G2_Top_1,WM,runs 5/6,SEVERE16,0.8493838429940667,0.6740794,1.1127955913543701,1.6508375406265259,
C2_G2_Top_2,GM,runs 5/6,MILD16,0.031424581005586594,0.9986863,1.1439437866210938,1.1454485654830933,0.4019466474405191
C2_G2_Top_2,WM,runs 5/6,MILD16,0.25299215848122164,0.97638386,1.138452410697937,1.165988564491272,
C2_G3_Bot_0,GM,runs 5/6,SEVERE16,0.151818856718634,1.036227,0.8430799245834351,0.8136054277420044,0.48358862144420134
C2_G3_Bot_0,WM,runs 5/6,SEVERE16,0.7142857142857143,1.4970782,0.8348608613014221,0.5576601028442383,
C2_G3_Bot_2,GM,runs 5/6,SEVERE30,0.11118486558247594,1.0254428,0.8325053453445435,0.8118495941162109,0.4245705750560119
C2_G3_Bot_2,WM,runs 5/6,SEVERE30,0.6375725338491296,1.2743757,0.8927128314971924,0.7005099058151245,
C2_G3_Mid_0,GM,runs 5/6,SEVERE16,0.22397686832740213,1.0463974,0.9159537553787231,0.8753402233123779,0.4522785898538263
C2_G3_Mid_0,WM,runs 5/6,SEVERE16,0.5732991014120667,1.3147031,0.8020124435424805,0.6100331544876099,
C2_G3_Mid_1,GM,runs 5/6,MILD16,0.2392638036809816,1.0134579,0.9750770330429077,0.962128758430481,0.5403225806451613
C2_G3_Mid_1,WM,runs 5/6,MILD16,0.49551856594110116,1.1552211,0.9352619647979736,0.8095955848693848,
C2_G3_Mid_2,GM,runs 5/6,MILD16,0.12410501193317422,0.99947155,1.0269441604614258,1.0274872779846191,0.5062670299727521
C2_G3_Mid_2,WM,runs 5/6,MILD16,0.543289224952741,1.0227989,0.9771305322647095,0.9553496241569519,
C2_G3_Top_0,GM,runs 5/6,PEAK1,0.8153424657534246,1.137298,0.9668900370597839,0.8501642346382141,0.5410484668644906
C2_G3_Top_0,WM,runs 5/6,PEAK1,0.9628149628149628,2.1925716,0.9679071307182312,0.4414483606815338,
C2_G3_Top_1,GM,runs 5/6,CFA,0.00938566552901024,1.0002781,,,0.4334625322997416
C2_G3_Top_1,WM,runs 5/6,CFA,0.014460009037505649,0.99971825,,,
C2_G3_Top_2,GM,runs 5/6,NONSYMPTOM,0.004351373402230079,1.0025625,,,0.40535372848948376
C2_G3_Top_2,WM,runs 5/6,NONSYMPTOM,0.0018270401948842874,1.0006967,,,
G3_L1_0,GM,runs 1–3,NONSYMPTOM,0.004620622568093385,1.0021434,,,0.4260933300757391
G3_L1_0,WM,runs 1–3,NONSYMPTOM,0.004576659038901602,1.0045695,,,
G3_L1_1,GM,runs 1–3,PEAK1,0.828428303068253,0.77505577,1.0722551345825195,1.383455514907837,0.5866788321167883
G3_L1_2,GM,runs 1–3,OS1,0.2777161862527716,1.1883358,0.6138033866882324,0.516523540019989,0.4169864415451522
G3_L1_2,WM,runs 1–3,OS1,0.5379746835443038,1.6613995,0.6347697377204895,0.38206928968429565,
G3_L2_0,GM,runs 1–3,NONSYMPTOM,0.011865035224323322,0.99893624,,,0.4318949343339587
G3_L2_0,WM,runs 1–3,NONSYMPTOM,0.01282051282051282,1.0033401,,,
G3_L2_1,GM,runs 1–3,OS1,0.21855235418130708,0.9334657,1.5403268337249756,1.650116205215454,0.3935851318944844
G3_L2_1,WM,runs 1–3,OS1,0.789983844911147,0.8761993,1.0943257808685303,1.2489460706710815,
G3_L2_2,GM,runs 1–3,PEAK1,0.5755426606490436,1.217014,0.8698208928108215,0.7147172689437866,0.530126582278481
G3_L2_2,WM,runs 1–3,PEAK1,0.8845654993514915,3.554247,0.9270121455192566,0.26081815361976624,
G3_L3_0,GM,runs 1–3,NONSYMPTOM,0.02667578659370725,1.0107055,0.5564343929290771,0.550540566444397,0.3253689388615601
G3_L3_0,WM,runs 1–3,NONSYMPTOM,0.06086956521739131,1.0215474,0.7186073064804077,0.7034497857093811,
G3_L3_1,GM,runs 1–3,OS1,0.043740178103719225,0.9946261,1.0985970497131348,1.1045325994491577,0.45576554368666117
G3_L3_1,WM,runs 1–3,OS1,0.2045847750865052,1.1636555,0.6562517881393433,0.5639570951461792,
G3_L3_2,GM,runs 1–3,PEAK1,0.6524537409493162,1.149465,0.9128291010856628,0.7941339015960693,0.5873842592592593
G3_L3_2,WM,runs 1–3,PEAK1,0.8803526448362721,2.6422727,0.8807016015052795,0.33331215381622314,
G4_L1_0,GM,runs 1–3,MILD30,0.031736702909197764,1.0020571,0.9103376865386963,0.9084689021110535,0.395144157814871
G4_L1_0,WM,runs 1–3,MILD30,0.5181992337164751,1.0303668,0.9837676882743835,0.9547742605209351,
G4_L1_1,GM,runs 1–3,MOG CFA,0.02111716621253406,1.0025314,,,0.1885873347251218
G4_L1_1,WM,runs 1–3,MOG CFA,0.005660377358490566,0.99799055,,,
G4_L1_2,GM,runs 1–3,MILD30,0.05630712979890311,1.0111456,0.8402232527732849,0.8309617042541504,0.48314606741573035
G4_L1_2,WM,runs 1–3,MILD30,0.4568403908794788,1.252127,0.766581654548645,0.6122235059738159,
G4_L2_0,GM,runs 1–3,MILD30,0.1058728448275862,1.0310006,0.692480206489563,0.6716583967208862,0.44380837601687256
G4_L2_0,WM,runs 1–3,MILD30,0.5551032276824658,1.6762165,0.7325844764709473,0.43704646825790405,
G4_L2_1,GM,runs 1–3,MILD30,0.13972830607152759,0.9524411,1.5698397159576416,1.6482276916503906,0.4002578150177248
G4_L2_1,WM,runs 1–3,MILD30,0.5971098265895953,0.9478702,1.0387195348739624,1.0958456993103027,
G4_L2_2,GM,runs 1–3,MOG CFA,0.001854140914709518,1.0015233,,,0.43529411764705883
G4_L2_2,WM,runs 1–3,MOG CFA,0.0024737167594310453,1.00355,,,
G4_L3_0,GM,runs 1–3,MILD30,0.23639774859287055,0.8882414,1.3485288619995117,1.5182008743286133,0.5075465075465075
G4_L3_0,WM,runs 1–3,MILD30,0.8797016861219196,1.5088707,0.9674282670021057,0.6411604881286621,
G4_L3_1,GM,runs 1–3,OS1,0.15656565656565657,0.95281184,1.4552043676376343,1.5272736549377441,0.43076347305389223
G4_L3_1,WM,runs 1–3,OS1,0.5182250396196514,1.0679964,0.8318623900413513,0.7789000272750854,
G4_L3_2,GM,runs 1–3,MOG CFA,0.013566475731082304,1.0033293,,,0.3050122249388753
G4_L3_2,WM,runs 1–3,MOG CFA,0.0029655990510083037,1.0000651,,,
G5_L1_0,GM,runs 1–3,NONSYMPTOM,0.0010438413361169101,1.0033736,,,0.4670846394984326
G5_L1_0,WM,runs 1–3,NONSYMPTOM,0.0021482277121374865,1.0,,,
G5_L1_1,GM,runs 1–3,PEAK1,0.5665653495440729,0.7320555,1.326053500175476,1.8114111423492432,0.9831697054698457
G5_L1_2,GM,runs 1–3,OS1,0.27073277753400615,1.0163667,0.9310666918754578,0.9160735011100769,0.4566787003610108
G5_L1_2,WM,runs 1–3,OS1,0.6774193548387096,1.4048271,0.6425902843475342,0.4574158787727356,
G5_L2_0,GM,runs 1–3,NONSYMPTOM,0.0009905894006934125,1.000264,,,0.31234506693108577
G5_L2_0,WM,runs 1–3,NONSYMPTOM,0.0,1.0,,,
G5_L2_1,GM,runs 1–3,OS1,0.15104570100697134,1.0220397,0.798215925693512,0.7810028195381165,0.4666970802919708
G5_L2_1,WM,runs 1–3,OS1,0.34166241713411527,1.1621273,0.6806759238243103,0.5857154726982117,
G5_L2_2,GM,runs 1–3,PEAK1,0.460431654676259,0.8271823,1.1633800268173218,1.4064373970031738,0.5674074074074074
G5_L2_2,WM,runs 1–3,PEAK1,0.8694955964771818,1.2171807,0.9708051681518555,0.7975850105285645,
G5_L3_0,GM,runs 1–3,NONSYMPTOM,0.006252170892671066,0.99754804,,,0.4554351625305837
G5_L3_0,WM,runs 1–3,NONSYMPTOM,0.0021727322107550242,1.0004761,,,
G5_L3_1,GM,runs 1–3,OS1,0.0660377358490566,0.99241656,1.1062347888946533,1.1146879196166992,0.44492544492544495
G5_L3_1,WM,runs 1–3,OS1,0.243734335839599,1.0937122,0.42205101251602173,0.38588854670524597,
G5_L3_2,GM,runs 1–3,PEAK1,0.4401840490797546,0.9293657,1.0796409845352173,1.1616966724395752,0.5273972602739726
G5_L3_2,WM,runs 1–3,PEAK1,0.7463493780421849,1.2494178,0.8734855651855469,0.6991141438484192,
G6_L1_0,GM,runs 1–3,MILD30,0.08796296296296297,1.0036631,0.9516071081161499,0.9481340646743774,0.4956490210297317
G6_L1_0,WM,runs 1–3,MILD30,0.42435808466342817,1.102956,0.8547897338867188,0.7749988436698914,
G6_L1_1,GM,runs 1–3,MILD30,0.026737967914438502,1.01207,0.7611339092254639,0.7520566582679749,0.5676246830092984
G6_L1_1,WM,runs 1–3,MILD30,0.42863849765258216,1.1890389,0.6688613891601562,0.5625227689743042,
G6_L1_2,GM,runs 1–3,MILD30,0.014858841010401188,1.0016668,,,0.4937154348919055
G6_L1_2,WM,runs 1–3,MILD30,0.45692883895131087,1.2954475,0.7850680947303772,0.6060208082199097,
G6_L2_0,GM,runs 1–3,OS1,0.09554140127388536,1.0104115,0.9201953411102295,0.9107134938240051,0.44014084507042256
G6_L2_0,WM,runs 1–3,OS1,0.15059445178335534,0.9946373,1.0364640951156616,1.0420522689819336,
G6_L2_1,GM,runs 1–3,MILD30,0.04682080924855491,1.0073744,0.8167811036109924,0.8108019232749939,0.4693753790175864
G6_L2_1,WM,runs 1–3,MILD30,0.4639743001376778,0.9945922,1.0038045644760132,1.0092624425888062,
G6_L2_2,GM,runs 1–3,MOG CFA,0.017099056603773585,1.0003741,,,0.3935212957408518
G6_L2_2,WM,runs 1–3,MOG CFA,0.0,1.0,,,
G6_L3_0,GM,runs 1–3,MOG CFA,0.0038739669421487604,1.0046179,,,0.41431164117189523
G6_L3_0,WM,runs 1–3,MOG CFA,0.011336797354747285,0.9854582,,,
G6_L3_1,GM,runs 1–3,MOG CFA,0.006576980568011958,1.0023975,,,0.44207041829671984
G6_L3_1,WM,runs 1–3,MOG CFA,0.019742883379247015,1.0033537,,,
G6_L3_2,GM,runs 1–3,MILD30,0.08308780200353565,1.011693,0.8515047430992126,0.8416632413864136,0.5424164524421594
G6_L3_2,WM,runs 1–3,MILD30,0.676355748373102,1.3925147,0.8311604261398315,0.5968772768974304,
S1_B1_0,GM,runs 1–3,REMISSION1,0.6910828025477707,0.95671564,1.0271168947219849,1.073586344718933,0.5837628865979382
S1_B1_0,WM,runs 1–3,REMISSION1,0.7580457541682822,1.0765574,0.9712344408035278,0.9021669030189514,
S1_B1_1,GM,runs 1–3,PEAK2_MILD,0.2665289256198347,1.0267959,0.9332475066184998,0.9088929891586304,0.48758002560819463
S1_B1_1,WM,runs 1–3,PEAK2_MILD,0.7197097536280797,1.0044668,0.9990285634994507,0.9945860505104065,
S1_B1_2,GM,runs 1–3,ONSET1,0.6324360252575606,1.0012429,0.9985431432723999,0.9973036646842957,0.4231464737793852
S1_B1_2,WM,runs 1–3,ONSET1,0.9003690036900369,1.58535,0.9154846668243408,0.577465295791626,
S1_B2_0,GM,runs 1–3,PEAK2_MILD,0.27975376196990426,1.0211662,0.9410601854324341,0.9215543270111084,0.3803418803418803
S1_B2_0,WM,runs 1–3,PEAK2_MILD,0.5850854139290408,1.0559175,0.9535853862762451,0.9030870795249939,
S1_B2_1,GM,runs 1–3,ONSET1,0.12179137083560895,1.0116645,0.8544827699661255,0.8446305394172668,0.4944029850746269
S1_B2_1,WM,runs 1–3,ONSET1,0.34128705712219815,1.0009462,0.9923245906829834,0.9913865327835083,
S1_B2_2,GM,runs 1–3,REMISSION1,0.728903785488959,1.024437,0.9888807535171509,0.9652919769287109,0.48218181818181816
S1_B2_2,WM,runs 1–3,REMISSION1,0.5774299835255354,0.8748655,1.128400206565857,1.2897984981536865,
S1_B3_0,GM,runs 1–3,ONSET1,0.052974947807933194,1.0141362,0.7268245220184326,0.7166931629180908,0.4180214935243869
S1_B3_0,WM,runs 1–3,ONSET1,0.08061002178649238,1.0041853,0.8576666116714478,0.854092001914978,
S1_B3_1,GM,runs 1–3,REMISSION1,0.6352087114337568,1.0938238,0.969067394733429,0.885944664478302,0.5190713101160862
S1_B3_1,WM,runs 1–3,REMISSION1,0.6905506883604505,0.9565523,1.0236687660217285,1.0701649188995361,
S1_B3_2,GM,runs 1–3,PEAK2_MILD,0.38001638001638,0.9865472,1.0174407958984375,1.0313148498535156,0.5766182298546896
S1_B3_2,WM,runs 1–3,PEAK2_MILD,0.7494653223342499,1.1288688,0.9693418741226196,0.8586841821670532,
S1_T1_0,GM,runs 1–3,MONOPHASIC,0.03567447045707915,1.0087464,0.7357311844825745,0.7293519973754883,0.4751445086705202
S1_T1_0,WM,runs 1–3,MONOPHASIC,0.2655401327700664,1.0132575,0.9574231505393982,0.9448962211608887,
S1_T1_1,GM,runs 1–3,PLP CFA,0.013685847589424573,1.0031736,,,0.39325134027120784
S1_T1_1,WM,runs 1–3,PLP CFA,0.0,1.0,,,
S1_T1_2,GM,runs 1–3,PLP CFA,0.007017543859649123,0.9992359,,,0.3739693757361602
S1_T1_2,WM,runs 1–3,PLP CFA,0.0,1.0,,,
S1_T2_0,GM,runs 1–3,PEAK1,0.8631710362047441,1.1895279,0.9815427660942078,0.8251532316207886,0.5693430656934306
S1_T2_1,GM,runs 1–3,PLP CFA,0.012222725215029425,1.0022796,,,0.45737855178735104
S1_T2_1,WM,runs 1–3,PLP CFA,0.015111111111111112,1.0081737,,,
S1_T2_2,GM,runs 1–3,MONOPHASIC,0.06774809160305344,0.99945,1.0346479415893555,1.0352171659469604,0.39440464005458886
S1_T2_2,WM,runs 1–3,MONOPHASIC,0.2926167209554832,0.98119324,1.0384076833724976,1.058311104774475,
S1_T3_0,GM,runs 1–3,PEAK1,0.9237929028504944,0.9082298,1.0077317953109741,1.109555959701538,0.8396946564885496
S1_T3_0,WM,runs 1–3,PEAK1,0.983121113414273,1.005578,0.9998193979263306,0.9942733645439148,
S1_T3_1,GM,runs 1–3,MONOPHASIC,0.026709401709401708,1.0010118,0.9206967353820801,0.9197660684585571,0.38336992316136115
S1_T3_1,WM,runs 1–3,MONOPHASIC,0.25258215962441316,1.0012723,0.9960079789161682,0.9947422742843628,
S1_T3_2,GM,runs 1–3,PEAK1,0.9090515374621048,0.7057003,1.0169744491577148,1.4410855770111084,0.7952380952380952
S2_B1_0,GM,runs 1–3,ONSET2,0.7229080932784636,1.1866096,0.950226902961731,0.8007915019989014,0.6237623762376238
S2_B1_0,WM,runs 1–3,ONSET2,0.7626709573612228,0.9759797,1.0064749717712402,1.0312458276748657,
S2_B1_1,GM,runs 1–3,PEAK2_MILD,0.5205673758865248,1.0098838,0.9958620071411133,0.9861154556274414,0.6087278106508875
S2_B1_1,WM,runs 1–3,PEAK2_MILD,0.7709693621295831,1.0219946,0.9973137378692627,0.9758502244949341,
S2_B1_2,GM,runs 1–3,ONSET2,0.04548494983277592,0.99853086,1.0446114540100098,1.046148419380188,0.5110955384256015
S2_B1_2,WM,runs 1–3,ONSET2,0.12456071846934791,0.9959413,1.0437880754470825,1.048041820526123,
S2_B2_0,GM,runs 1–3,PEAK2_MILD,0.28639356254572057,1.0122373,0.9619706869125366,0.9503411054611206,0.5002562788313686
S2_B2_0,WM,runs 1–3,PEAK2_MILD,0.6419204737732657,0.9337959,1.0342462062835693,1.1075718402862549,
S2_B2_1,GM,runs 1–3,MONOPHASIC,0.30056036678553233,0.95831233,1.1068611145019531,1.1550108194351196,0.4471959213401311
S2_B2_1,WM,runs 1–3,MONOPHASIC,0.6667885881492319,1.0016023,0.9970793128013611,0.9954842925071716,
S2_B2_2,GM,runs 1–3,MONOPHASIC,0.21501272264631044,1.0065302,0.9789867401123047,0.9726352691650391,0.3853322528363047
S2_B2_2,WM,runs 1–3,MONOPHASIC,0.6578871201157742,1.0725123,0.9514363408088684,0.8871100544929504,
S2_B3_0,GM,runs 1–3,ONSET2,0.43416370106761565,1.0261513,0.9750636219978333,0.9502143263816833,0.4257861635220126
S2_B3_0,WM,runs 1–3,ONSET2,0.7818336162988115,1.1166749,0.9432591199874878,0.8447034358978271,
S2_B3_1,GM,runs 1–3,MONOPHASIC,0.2762006403415155,1.0448571,0.9322394728660583,0.8922170996665955,0.4724270126806252
S2_B3_1,WM,runs 1–3,MONOPHASIC,0.6955128205128205,0.93413156,1.0486449003219604,1.122588038444519,
S2_B3_2,GM,runs 1–3,PEAK2_MILD,0.5961045617631984,1.0198344,0.9906931519508362,0.971425473690033,0.5126903553299492
S2_B3_2,WM,runs 1–3,PEAK2_MILD,0.6398891966759003,1.0566846,0.9655070304870605,0.9137135148048401,
S2_T1_0,GM,runs 1–3,REMISSION1,0.7955299845098474,0.9048518,1.0273141860961914,1.1353397369384766,0.4101731601731602
S2_T1_0,WM,runs 1–3,REMISSION1,0.9819186916964183,1.0136166,0.9996285438537598,0.9861999154090881,
S2_T1_1,GM,runs 1–3,PLP CFA,0.023677216719014255,0.9993235,1.0453218221664429,1.0460295677185059,0.44023756495916855
S2_T1_1,WM,runs 1–3,PLP CFA,0.0062678062678062675,0.99938136,,,
S2_T1_2,GM,runs 1–3,PLP CFA,0.010076670317634174,0.9987727,,,0.4481079884930294
S2_T1_2,WM,runs 1–3,PLP CFA,0.0008624407072013799,1.0003299,,,
S2_T2_0,GM,runs 1–3,PEAK3,0.697380106571936,0.9611738,1.015453815460205,1.0564727783203125,0.4556126192223037
S2_T2_0,WM,runs 1–3,PEAK3,0.949512425290972,0.8390924,1.0120686292648315,1.2061468362808228,
S2_T2_1,GM,runs 1–3,PLP CFA,0.002476780185758514,1.0007744,,,0.531967721911856
S2_T2_1,WM,runs 1–3,PLP CFA,0.00587248322147651,0.9966528,,,
S2_T2_2,GM,runs 1–3,REMISSION1,0.06717780211756115,0.99055296,1.1966266632080078,1.2080390453338623,0.4136986301369863
S2_T2_2,WM,runs 1–3,REMISSION1,0.3789868667917448,0.9765377,1.046384334564209,1.0715248584747314,
S2_T3_0,GM,runs 1–3,PEAK3,0.07732949087415947,0.99371165,1.1629217863082886,1.170280933380127,0.4737116085372202
S2_T3_0,WM,runs 1–3,PEAK3,0.44807849550286183,1.0570655,0.9363330602645874,0.8857852220535278,
S2_T3_1,GM,runs 1–3,PEAK3,0.23227819884083817,0.96864504,1.1314847469329834,1.1681108474731445,0.40418118466898956
S2_T3_1,WM,runs 1–3,PEAK3,0.7209558245558875,0.9433469,1.0320756435394287,1.094057321548462,
S3_B1_0,GM,runs 1–3,ONSET2,0.05656732891832229,0.9656948,2.6512434482574463,2.7454257011413574,0.38139806961099737
S3_B1_0,WM,runs 1–3,ONSET2,0.19358933671850206,0.9757783,1.3052678108215332,1.3376684188842773,
S3_B1_1,GM,runs 1–3,PEAK1,0.8977955911823647,0.65541625,1.0382338762283325,1.5840831995010376,0.6830065359477124
S3_B2_0,GM,runs 1–3,ONSET2,0.5926067073170732,0.909518,1.0672855377197266,1.1734627485275269,0.17212347988774557
S3_B2_0,WM,runs 1–3,ONSET2,0.8973354231974922,1.5502414,0.9467734694480896,0.6107264757156372,
S3_B2_1,GM,runs 1–3,ONSET2,0.35238693467336685,0.93020755,1.2053139209747314,1.2957472801208496,0.4248302618816683
S3_B2_1,WM,runs 1–3,ONSET2,0.6297640653357531,0.9652197,1.0148508548736572,1.0514194965362549,
S3_B2_2,GM,runs 1–3,PEAK1,0.7986175976088175,0.83111906,1.0411157608032227,1.2526674270629883,0.5371057513914657
S3_B3_0,GM,runs 1–3,PEAK1,0.9417620706819313,1.0207034,0.9999227523803711,0.9796409010887146,0.5042735042735043
S3_B3_1,GM,runs 1–3,PEAK3,0.6843587521663779,0.813159,1.1371378898620605,1.3984200954437256,0.6726149622512011
S3_B3_1,WM,runs 1–3,PEAK3,0.9336283185840708,1.0343374,0.995968759059906,0.9629051089286804,
S3_T1_0,GM,runs 1–3,PLP CFA,0.0036410923276983093,0.99985296,,,0.49543200208822763
S3_T1_0,WM,runs 1–3,PLP CFA,0.0009161704076958314,0.9995002,,,
S3_T1_1,GM,runs 1–3,MONOPHASIC,0.047465437788018434,1.0138917,0.827854573726654,0.816511869430542,0.4726656990807934
S3_T1_1,WM,runs 1–3,MONOPHASIC,0.2784234461849419,1.0401245,0.9077966809272766,0.8727769255638123,
S3_T1_2,GM,runs 1–3,REMISSION2_LONG,0.033080017881090745,1.009258,0.6662540435791016,0.6601424813270569,0.5159500693481276
S3_T1_2,WM,runs 1–3,REMISSION2_LONG,0.2332657200811359,1.0355797,0.9316211938858032,0.8996131420135498,
S3_T2_0,GM,runs 1–3,REMISSION2_LONG,0.0594059405940594,1.0027351,0.9261958003044128,0.9236694574356079,0.3953684210526316
S3_T2_0,WM,runs 1–3,REMISSION2_LONG,0.37386498223450454,0.9852056,1.0269074440002441,1.0423280000686646,
S3_T2_1,GM,runs 1–3,MONOPHASIC,0.07482014388489208,1.0092055,0.9558333158493042,0.9471147060394287,0.5184033177812338
S3_T2_1,WM,runs 1–3,MONOPHASIC,0.3656387665198238,1.0393398,0.9240115284919739,0.8890370726585388,
S3_T2_2,GM,runs 1–3,MONOPHASIC,0.06569832402234636,0.99657047,1.0336073637008667,1.0371644496917725,0.4518057880889739
S3_T2_2,WM,runs 1–3,MONOPHASIC,0.35126050420168065,0.91091985,1.1971300840377808,1.3141990900039673,
S3_T3_0,GM,runs 1–3,PLP CFA,0.0011389521640091116,0.9999099,,,0.5267958950969214
S3_T3_0,WM,runs 1–3,PLP CFA,0.007992007992007992,1.0009578,,,
S3_T3_1,GM,runs 1–3,REMISSION2_LONG,0.024161073825503355,0.99684376,1.1768889427185059,1.1806151866912842,0.49839523154516274
S3_T3_1,WM,runs 1–3,REMISSION2_LONG,0.137325206167085,0.9897392,1.0526800155639648,1.0635932683944702,
S3_T3_2,GM,runs 1–3,PLP CFA,0.013184584178498986,0.9983806,,,0.3963686193902021
S3_T3_2,WM,runs 1–3,PLP CFA,0.028347406513872134,0.9883927,,,
S4_B1_0,GM,runs 1–3,PEAK1,0.9398183194549584,0.9242206,1.0022025108337402,1.0843758583068848,0.6855345911949685
S4_B1_1,GM,runs 1–3,MONOPHASIC,0.10380622837370242,0.9913563,1.060694932937622,1.0699431896209717,0.4551694551694552
S4_B1_1,WM,runs 1–3,MONOPHASIC,0.6205442698351858,1.0300837,0.9782352447509766,0.9496657848358154,
S4_B1_2,GM,runs 1–3,MONOPHASIC,0.22431466030989272,0.9964104,1.0253229141235352,1.0290166139602661,0.5215119852489244
S4_B1_2,WM,runs 1–3,MONOPHASIC,0.6225779275484414,1.0165911,0.9907376766204834,0.9745686054229736,
S4_B2_0,GM,runs 1–3,PEAK3,0.3280015417228753,1.0300592,0.9388349056243896,0.9114378094673157,0.5460281043877259
S4_B2_0,WM,runs 1–3,PEAK3,0.777120822622108,0.9668257,1.0156995058059692,1.0505506992340088,
S4_B2_1,GM,runs 1–3,MONOPHASIC,0.7068473609129815,1.0156482,0.9942609071731567,0.9789421558380127,0.5936739659367397
S4_B2_1,WM,runs 1–3,MONOPHASIC,0.8962999026290166,1.3225545,0.9597432017326355,0.7256738543510437,
S4_B2_2,GM,runs 1–3,PEAK1,0.8563165905631659,1.3010529,0.9644535183906555,0.7412868738174438,0.4555084745762712
S4_B3_0,GM,runs 1–3,PEAK3,0.8955,0.89947766,1.0138461589813232,1.1271498203277588,0.4665071770334928
S4_B3_1,GM,runs 1–3,PEAK1,0.5541288465795883,0.97395927,1.0191692113876343,1.0464186668395996,0.42105263157894735
S4_B3_1,WM,runs 1–3,PEAK1,0.9370520411343097,1.509014,0.9647279381752014,0.6393101215362549,
S4_B3_2,GM,runs 1–3,PEAK3,0.8354177088544272,0.8919529,1.0265207290649414,1.1508687734603882,0.4316109422492401
S4_T1_0,GM,runs 1–3,PEAK2,0.7079256360078278,0.98676944,1.0007611513137817,1.0141792297363281,0.7236180904522613
S4_T1_0,WM,runs 1–3,PEAK2,0.9210477771628851,1.1852653,0.9818622469902039,0.8283903002738953,
S4_T1_1,GM,runs 1–3,ONSET1,0.08141447368421052,1.0017298,0.9584833979606628,0.956828236579895,0.44091316025067145
S4_T1_1,WM,runs 1–3,ONSET1,0.40163419233186676,1.00481,0.9889798760414124,0.9842457175254822,
S4_T1_2,GM,runs 1–3,ONSET1,0.02234927234927235,0.99257165,1.3587687015533447,1.3689374923706055,0.43833067517278046
S4_T1_2,WM,runs 1–3,ONSET1,0.0661596958174905,0.9833484,1.181492805480957,1.2014997005462646,
S4_T2_0,GM,runs 1–3,REMISSION1,0.3593251253989968,0.985585,1.0306646823883057,1.045738935470581,0.5085409252669039
S4_T2_0,WM,runs 1–3,REMISSION1,0.5452840300107181,1.06494,0.9294967651367188,0.8728162050247192,
S4_T2_1,GM,runs 1–3,ONSET1,0.043036750483559,0.99943596,1.041986107826233,1.042574167251587,0.4926730672056594
S4_T2_1,WM,runs 1–3,ONSET1,0.2161993769470405,1.0139343,0.880774199962616,0.8686699271202087,
S4_T2_2,GM,runs 1–3,PEAK2,0.9028673835125448,0.844168,1.0124821662902832,1.1993846893310547,0.4280442804428044
S4_T3_0,GM,runs 1–3,REMISSION1,0.5671881267549138,0.99071735,1.0106333494186401,1.020102620124817,0.4717330861909175
S4_T3_0,WM,runs 1–3,REMISSION1,0.6727122835943941,0.94111794,1.032397747039795,1.0969908237457275,
S4_T3_1,GM,runs 1–3,PEAK2,0.47156726768377255,1.0850706,0.9078959822654724,0.8367160558700562,0.45354330708661417
S4_T3_1,WM,runs 1–3,PEAK2,0.7184205085796982,0.9814642,1.0116957426071167,1.0308024883270264,
S4_T3_2,GM,runs 1–3,REMISSION1,0.4858447488584475,1.0149947,0.9906013607978821,0.9759669899940491,0.477797513321492
S4_T3_2,WM,runs 1–3,REMISSION1,0.6753398058252427,1.1713302,0.9358194470405579,0.7989373803138733,
S5_B1_0,GM,runs 5/6,REMISSION1,0.34441741011084076,0.92237395,1.1791149377822876,1.2783479690551758,0.4197938144329897
S5_B1_0,WM,runs 5/6,REMISSION1,0.7046733545387815,0.755215,1.187451720237732,1.5723360776901245,
S5_B1_1,GM,runs 5/6,PEAK2,0.5008526187576127,0.9533058,1.0676947832107544,1.1199918985366821,0.4494875549048316
S5_B1_1,WM,runs 5/6,PEAK2,0.9752003052270126,0.61245257,1.0162343978881836,1.6592867374420166,
S5_B1_2,GM,runs 5/6,REMISSION2,0.0906813627254509,0.9777963,1.2776618003845215,1.306674838066101,0.5013774104683195
S5_B1_2,WM,runs 5/6,REMISSION2,0.7070849488896722,0.84856623,1.0876133441925049,1.2817070484161377,
S5_B2_0,GM,runs 5/6,REMISSION2,0.08463251670378619,0.98021936,1.32420814037323,1.3509303331375122,0.48175182481751827
S5_B2_0,WM,runs 5/6,REMISSION2,0.6270363951473137,0.7905316,1.1427282094955444,1.4455188512802124,
S5_B2_1,GM,runs 5/6,REMISSION1,0.2368990905153746,0.9649606,1.2538752555847168,1.2994056940078735,0.5073779795686719
S5_B2_1,WM,runs 5/6,REMISSION1,0.7553619302949062,0.8432558,1.095441460609436,1.299061894416809,
S5_B2_2,GM,runs 5/6,PEAK2,0.9600845889505684,0.8013406,1.0090456008911133,1.2591968774795532,0.9139072847682119
S5_B3_0,GM,runs 5/6,PEAK2,0.8965717606042998,0.8104403,1.0287054777145386,1.2693167924880981,0.6685393258426966
S5_B3_1,GM,runs 5/6,REMISSION2,0.0658882402001668,0.9908972,1.1601159572601318,1.1707732677459717,0.4044642857142857
S5_B3_1,WM,runs 5/6,REMISSION2,0.4419827262485918,0.96956664,1.0410041809082031,1.073679804801941,
S5_B3_2,GM,runs 5/6,REMISSION1,0.18246346555323592,1.0009357,0.99770188331604,0.9967691898345947,0.38866189989785493
S5_B3_2,WM,runs 5/6,REMISSION1,0.43018070875381365,1.0416442,0.9485262036323547,0.91060471534729,
S5_T1_0,GM,runs 5/6,REMISSION2,0.0528804815133276,0.9889219,1.2305890321731567,1.244374394416809,0.4852473899228325
S5_T1_0,WM,runs 5/6,REMISSION2,0.434831043445971,1.2199063,0.8048702478408813,0.6597803831100464,
S5_T1_1,GM,runs 5/6,PEAK1,0.9738933030646992,0.69330657,1.0098828077316284,1.456617832183838,0.7913043478260869
S5_T1_2,GM,runs 5/6,PEAK1,0.9765018002653022,1.1192675,0.999187707901001,0.8927158117294312,1.0
S5_T2_0,GM,runs 5/6,PEAK3,0.104180639391907,0.9968874,1.0204895734786987,1.0236759185791016,0.5086099326179186
S5_T2_0,WM,runs 5/6,PEAK3,0.5122767857142857,0.8459004,1.1569652557373047,1.367732286453247,
S5_T2_2,GM,runs 5/6,REMISSION2,0.11658698050753953,0.9603212,1.377051591873169,1.4339489936828613,0.4604496253122398
S5_T2_2,WM,runs 5/6,REMISSION2,0.4369055168040583,0.98709595,1.0220507383346558,1.0354117155075073,
S5_T3_0,GM,runs 5/6,PEAK3,0.12135001896094046,0.99325246,1.0756890773773193,1.0829966068267822,0.4600776866637894
S5_T3_0,WM,runs 5/6,PEAK3,0.6887492861222159,0.96453404,1.0214791297912598,1.0590389966964722,
S5_T3_1,GM,runs 5/6,REMISSION2,0.04159663865546218,1.0011575,0.9416577816009521,0.9405690431594849,0.46470846120122755
S5_T3_1,WM,runs 5/6,REMISSION2,0.33544839255499154,0.879633,1.2996182441711426,1.4774551391601562,
S5_T3_2,GM,runs 5/6,PEAK3,0.10397830018083183,0.98237675,1.164417028427124,1.1853058338165283,0.5095862764883956
S5_T3_2,WM,runs 5/6,PEAK3,0.6634899769963851,0.8689603,1.0677533149719238,1.2287709712982178,
S6_T1_0,GM,runs 5/6,REMISSION1,0.27823315118397085,0.9660425,1.1053684949874878,1.1442234516143799,0.46593059936908515
S6_T1_0,WM,runs 5/6,REMISSION1,0.3595769682726204,1.0338008,0.943207323551178,0.9123685359954834,
S6_T1_1,GM,runs 5/6,REMISSION1,0.28575757575757577,1.022211,0.949702262878418,0.9290667772293091,0.44166313109885447
S6_T1_1,WM,runs 5/6,REMISSION1,0.6235423542354236,1.2328812,0.8798064589500427,0.7136182188987732,
S6_T1_2,GM,runs 5/6,REMISSION2,0.06145966709346991,1.0145876,0.7477587461471558,0.7370076179504395,0.4679399727148704
S6_T1_2,WM,runs 5/6,REMISSION2,0.41933760683760685,1.1199117,0.8557223081588745,0.764098048210144,
S6_T2_0,GM,runs 5/6,REMISSION2,0.13663505444327362,0.99541456,1.0271815061569214,1.0319132804870605,0.43612693246541906
S6_T2_0,WM,runs 5/6,REMISSION2,0.6275045537340619,1.0818068,0.9619278907775879,0.8891863822937012,
S6_T2_1,GM,runs 5/6,REMISSION1,0.08685446009389672,1.0225768,0.795957088470459,0.7783836722373962,0.5171379605826907
S6_T2_1,WM,runs 5/6,REMISSION1,0.2011888431641518,1.0327046,0.8140966892242432,0.7883151769638062,
S6_T2_2,GM,runs 5/6,PEAK3,0.30512820512820515,0.9718555,1.0506702661514282,1.0810972452163696,0.5873308733087331
S6_T2_2,WM,runs 5/6,PEAK3,0.8014131647452585,1.1128956,0.9761186838150024,0.8770981431007385,
S6_T3_0,GM,runs 5/6,PEAK3,0.24877832074633496,1.044132,0.8921436667442322,0.8544356822967529,0.4476641040804258
S6_T3_0,WM,runs 5/6,PEAK3,0.7472594397076736,1.3160517,0.9202672243118286,0.6992636919021606,
S6_T3_1,GM,runs 5/6,REMISSION2,0.1151942117288652,1.004699,0.9752302169799805,0.9706690311431885,0.49580374435119434
S6_T3_1,WM,runs 5/6,REMISSION2,0.45159128978224455,1.1477557,0.8562251925468445,0.7459994554519653,
S6_T3_2,GM,runs 5/6,PEAK3,0.09798149705634987,1.0092733,0.9193331003189087,0.9108861684799194,0.4433566433566434
S6_T3_2,WM,runs 5/6,PEAK3,0.36363636363636365,1.1206158,0.8048279881477356,0.7182015180587769,
