section,channel,GM,WM,WM/GM
run5_C2_G1_Bot_0088858,bnd,0.6523059757004711,19.77507857162942,30.31564834339312
run5_C2_G1_Bot_0088858,dapi,0.0,1.0,inf
run5_C2_G1_Bot_0088858,r18s,1.2858559739293685,14.997791558605892,11.663663631608024
run5_C2_G1_Bot_0088858,smavim,0.0,1.0,inf
run5_C2_G1_Mid_0088858,bnd,0.5653310609006444,39.154250436661755,69.25897610204548
run5_C2_G1_Mid_0088858,dapi,0.0,0.8038562609165438,inf
run5_C2_G1_Mid_0088858,r18s,0.6167172724188998,10.038562609165439,16.27741439734938
run5_C2_G1_Mid_0088858,smavim,0.0,0.8038562609165438,inf
run5_C2_G1_Top_0088858,bnd,17.7272032881097,78.3553838011177,4.420064605096146
run5_C2_G1_Top_0088858,dapi,0.042319863237915104,1.0,23.629565964761497
run5_C2_G1_Top_0088858,r18s,5.548757865638526,15.365292112268248,2.769140857167333
run5_C2_G1_Top_0088858,smavim,0.042319863237915104,2.8462771836423357,67.25629446487214
run5_C2_G2_Bot_0088858,bnd,31.13508041189402,58.740932196088565,1.8866478396390696
run5_C2_G2_Bot_0088858,dapi,0.5429249103320606,1.8856724390454036,3.4731735515544857
run5_C2_G2_Bot_0088858,r18s,11.471769061668402,17.856724390454037,1.5565798347632562
run5_C2_G2_Bot_0088858,smavim,0.0,2.8856724390454036,inf
run5_C2_G2_Mid_0088858,bnd,0.0,26.2709341953782,inf
run5_C2_G2_Mid_0088858,dapi,0.0,1.0,inf
run5_C2_G2_Mid_0088858,r18s,0.024841767853747317,13.742682657192306,553.2087224267035
run5_C2_G2_Mid_0088858,smavim,0.0,0.042886223801282396,inf
run5_C2_G2_Top_0088858,bnd,4.510357006491027,22.54374918313844,4.998218356262014
run5_C2_G2_Top_0088858,dapi,1.2045150820924018,1.0,0.8302096128699924
run5_C2_G2_Top_0088858,r18s,16.878961435662468,18.589374264824595,1.1013340089484598
run5_C2_G2_Top_0088858,smavim,0.0,1.0,inf
run5_C2_G3_Bot_0088870,bnd,196.22798887859128,116.34388831437435,0.5929015986927215
run5_C2_G3_Bot_0088870,dapi,1.4418443002780352,1.0,0.6935561626225293
run5_C2_G3_Bot_0088870,r18s,23.64017608897127,14.139875904860393,0.5981290431866536
run5_C2_G3_Bot_0088870,smavim,9.671223354958295,6.0,0.6203972113749071
run5_C2_G3_Mid_0088870,bnd,119.44121299261487,93.96286283700245,0.7866871114479743
run5_C2_G3_Mid_0088870,dapi,1.4963727860924123,1.0,0.6682826694619147
run5_C2_G3_Mid_0088870,r18s,18.68185085942095,15.82134487276485,0.8468831590520061
run5_C2_G3_Mid_0088870,smavim,6.741716227697536,5.803948072558174,0.8609006781853775
run5_C2_G3_Top_0088870,bnd,91.16358350951374,90.2112477917962,0.9895535510885423
run5_C2_G3_Top_0088870,dapi,1.0,0.9696874759977847,0.9696874759977847
run5_C2_G3_Top_0088870,r18s,17.7651955602537,12.636249711973417,0.7112924633514679
run5_C2_G3_Top_0088870,smavim,0.0,0.0,
run5_S6-T1_0088870,bnd,4.790289723856949,63.34168481897034,13.22293399155201
run5_S6-T1_0088870,dapi,0.0,0.9107728004626913,inf
run5_S6-T1_0088870,r18s,2.996468990493436,10.464636802776148,3.4923227425266665
run5_S6-T1_0088870,smavim,0.0,2.0892271995373086,inf
run5_S6-T2_0088870,bnd,7.723345394991646,59.732602286465735,7.734032240122332
run5_S6-T2_0088870,dapi,0.0,1.0,inf
run5_S6-T2_0088870,r18s,2.415441135787715,9.8346872547564,4.07159053021143
run5_S6-T2_0088870,smavim,0.3538602839469287,2.2204169936581333,6.2748409312618625
run5_S6-T3_0088870,bnd,1.0248699045967042,68.77945363586306,67.11042379854877
run5_S6-T3_0088870,dapi,0.0,0.9067759577832689,inf
run5_S6-T3_0088870,r18s,1.0497398091934085,11.347431704482883,10.80975647975277
run5_S6-T3_0088870,smavim,0.0,4.0,inf
run6_S5-B1_0085405,bnd,11.27113335900398,13.399869789418911,1.1888662269011647
run6_S5-B1_0085405,dapi,2.0,2.0,1.0
run6_S5-B1_0085405,r18s,17.504120138621488,12.399951171032091,0.7084018546966299
run6_S5-B1_0085405,smavim,0.3739699653446284,0.0,0.0
run6_S5-B2_0085405,bnd,51.09348747712091,27.654356764689236,0.5412501304999496
run6_S5-B2_0085405,dapi,1.0929399433693663,2.0,1.8299267147601053
run6_S5-B2_0085405,r18s,14.160755909453561,11.411281084551542,0.8058384141014322
run6_S5-B2_0085405,smavim,0.9118314221798101,1.0,1.0966939454766929
run6_S5-B3_0085405,bnd,83.95090120341968,75.97765957622052,0.9050249429975818
run6_S5-B3_0085405,dapi,1.0,1.0,1.0
run6_S5-B3_0085405,r18s,10.774054780099105,8.670290135587692,0.8047378923302577
run6_S5-B3_0085405,smavim,0.8563701377670484,2.0,2.33543874523103
run6_S5-T1_0085405,bnd,86.02141763547958,52.0483911174928,0.6050631638977478
run6_S5-T1_0085405,dapi,1.0,1.0,1.0
run6_S5-T1_0085405,r18s,13.666638625771826,7.271231565407281,0.5320424256843651
run6_S5-T1_0085405,smavim,0.7954809293874187,0.8785385942345468,1.1044118869211472
run6_S5-T2_0085405,bnd,19.676030421982336,17.367566094740468,0.8826763184578725
run6_S5-T2_0085405,dapi,1.0,1.0,1.0
run6_S5-T2_0085405,r18s,11.449122914622178,8.274473819884653,0.7227168300653807
run6_S5-T2_0085405,smavim,0.3918976938174681,0.9093092274855816,2.320271953192726
run6_S5-T3_0085405,bnd,13.252135063672005,6.940811518733023,0.5237504360908474
run6_S5-T3_0085405,dapi,1.0,1.0,1.0
run6_S5-T3_0085405,r18s,12.924535756617937,10.940811518733023,0.8465148555243728
run6_S5-T3_0085405,smavim,0.6504270127344011,0.11837696253395485,0.18199884109409453
