reg,sample_name,cells,active share,lesion share inside,depth (µm),border tissue vimentin,border astro vimentin,immune outside,n outside,edge spike,escape,stage,arm,day,size,lesion depth from surface (µm)
C2_G1_Bot_0@4,C_S16_2,5911,0.1859245474538995,0.9548299780071055,94.86832980505139,0.01477147658042123,0.5228738061751063,0.020590868397493287,1117.0,-0.04914140595087519,1.3316841254270508,SEVERE16,chronic,28.0,5911,94.86832980505139
C2_G1_Bot_0@43,C_S16_2,290,0.3620689655172414,0.9620689655172414,134.53624047073708,-0.013864420235261582,1.1556337792916287,0.02631578947368421,228.0,0.13461069128895556,1.657551150370282,SEVERE16,chronic,28.0,290,134.53624047073708
C2_G1_Bot_0@65,C_S16_2,2657,0.1290929619872036,0.9638690252164095,123.6931687685298,-0.0016024112928589977,0.25829080975602764,0.01303780964797914,767.0,0.03205113714667486,0.7445388408114303,SEVERE16,chronic,28.0,2657,123.6931687685298
C2_G1_Bot_1@1,C_M16_1,528,0.015151515151515152,0.9507575757575758,36.05551275463989,0.3712394976466479,1.0693262888214397,0.04326923076923077,208.0,-0.3105965217162202,3.80001916875626,MILD16,chronic,28.0,528,36.05551275463989
C2_G1_Bot_1@11,C_M16_1,119,0.15966386554621848,0.9663865546218487,30.0,1.6640272272240566,4.7866021626886806,0.01694915254237288,59.0,-0.31266175353676484,2.5436217053402563,MILD16,chronic,28.0,119,30.0
C2_G1_Bot_1@14,C_M16_1,382,0.16230366492146597,0.9685863874345549,60.82762530298219,0.22865541869250117,1.069815127354562,0.0603448275862069,116.0,-0.736542240733663,4.261758249146523,MILD16,chronic,28.0,382,60.82762530298219
C2_G1_Bot_1@18,C_M16_1,108,0.0,0.9351851851851852,457.4912894982301,-0.09776711428077552,-0.046258333508405226,0.0,113.0,0.06156592635459866,-0.7004397181410923,MILD16,chronic,28.0,108,457.4912894982301
C2_G1_Bot_1@20,C_M16_1,571,0.09807355516637478,0.9281961471103327,40.0,0.6631472291994996,1.0346502665615205,0.06354515050167224,299.0,-0.4457415752951647,4.333977420259635,MILD16,chronic,28.0,571,40.0
C2_G1_Bot_2@1,C_S30_2,3330,0.35135135135135137,0.9825825825825826,80.62257748298549,0.39263218612599676,3.164055440008847,0.03741496598639456,588.0,-1.0785876288970644,2.172622430315593,SEVERE30,chronic,41.0,3330,80.62257748298549
C2_G1_Bot_2@13,C_S30_2,310,0.08387096774193549,0.9774193548387097,150.33296378372907,0.22843326851228973,0.7135797803795394,0.04247104247104247,259.0,0.6751621257813097,2.3467451248911106,SEVERE30,chronic,41.0,310,150.33296378372907
C2_G1_Bot_2@17,C_S30_2,114,0.0,0.9824561403508771,527.7309920783505,-0.09919678708558044,-0.06996318715144403,0.0,158.0,0.16413547493354272,-2.128049194118446,SEVERE30,chronic,41.0,114,527.7309920783505
C2_G1_Mid_0@3,C_OS1_5,145,0.7793103448275862,0.993103448275862,10.0,0.011898918828219918,0.0867937327473114,0.027777777777777776,72.0,1.3077133592935082,1.1011990802477525,OS1,chronic,10.0,145,10.0
C2_G1_Mid_0@63,C_OS1_5,173,0.37572254335260113,0.8901734104046243,22.360679774997898,0.2976920714193087,8.915815261273037,0.10909090909090909,55.0,-0.3252630951297813,3.000631842413725,OS1,chronic,10.0,173,22.360679774997898
C2_G1_Mid_0@7,C_OS1_5,108,0.09259259259259259,0.8703703703703703,29.14213562373095,0.06271428686090982,1.2408612152878815,0.1774193548387097,62.0,0.32059333031745885,3.692226610192104,OS1,chronic,10.0,108,29.14213562373095
C2_G1_Mid_1@1,C_S16_1,2338,0.2951240376390077,0.941830624465355,144.22205101855957,0.03011741036003314,0.9509346347568446,0.0345489443378119,521.0,-0.1346285744320762,2.151452754786654,SEVERE16,chronic,29.0,2338,144.22205101855957
C2_G1_Mid_1@18,C_S16_1,242,0.359504132231405,0.9710743801652892,50.495097567963924,-0.11693261426816962,2.5707265314579573,0.048,125.0,-1.4148486449386062,2.6035511130065143,SEVERE16,chronic,29.0,242,50.495097567963924
C2_G1_Mid_1@3,C_S16_1,236,0.08898305084745763,0.9364406779661016,42.426406871192846,-0.34430185728685286,1.7013956763415985,0.06593406593406594,91.0,-0.8403939515726044,3.0457582218913166,SEVERE16,chronic,29.0,236,42.426406871192846
C2_G1_Mid_2@1,C_P1_4,7489,0.5267725998130591,0.9615435972760048,111.80339887498948,0.38982682171448707,1.0359572732372113,0.03431372549019608,408.0,-0.43963470586012954,-0.8385271874995315,PEAK1,chronic,13.0,7489,111.80339887498948
C2_G1_Mid_2@5,C_P1_4,1259,0.868943606036537,0.9976171564733916,0.0,1.1431139867335292,3.6803663784084284,0.1111111111111111,36.0,-1.1890367290209456,0.8006266158451104,PEAK1,chronic,13.0,1259,0.0
C2_G1_Top_0@15,C_M16_2,1339,0.3061986557132188,0.970873786407767,92.19544457292886,0.4497971702841336,2.179678632319225,0.032,625.0,-0.516388416354836,1.539996691297777,MILD16,chronic,27.0,1339,92.19544457292886
C2_G1_Top_0@2,C_M16_2,1062,0.1544256120527307,0.9510357815442562,89.44271909999159,0.0805200762011893,0.22544303582842895,0.03908794788273615,614.0,0.11580503170375753,1.8131772225484006,MILD16,chronic,27.0,1062,89.44271909999159
C2_G1_Top_2@1,C_S30_2,2324,0.04690189328743546,0.9647160068846816,125.29964086141668,0.018790240856126638,1.5932435507411276,0.04611650485436893,824.0,-0.48249704916654723,2.4604107508389372,SEVERE30,chronic,41.0,2324,125.29964086141668
C2_G2_Bot_0@2,C_P1_5,11884,0.6933692359474924,0.991248737798721,176.91806012954132,0.17677562783374212,-0.26733263873390095,0.030344827586206897,725.0,-0.20495870733162228,0.08135105304426163,PEAK1,chronic,15.0,11884,176.91806012954132
C2_G2_Bot_0@25,C_P1_5,158,0.17088607594936708,0.9873417721518988,31.622776601683796,0.4452027366857974,2.438078278628397,0.0,113.0,-0.5182462464794252,-3.9341120643435428,PEAK1,chronic,15.0,158,31.622776601683796
C2_G2_Bot_0@28,C_P1_5,883,0.3873159682899207,0.9411098527746319,56.568542494923804,0.2573574173176526,1.095750126578899,0.02506265664160401,399.0,-0.7172449229410505,-0.17588049911663167,PEAK1,chronic,15.0,883,56.568542494923804
C2_G2_Bot_2@1,C_S30_1,776,0.04381443298969072,0.9755154639175257,63.24555320336759,0.35372719580397405,0.3782734165202769,0.06735751295336788,193.0,-0.7827712269813367,3.2407745111171833,SEVERE30,chronic,41.0,776,63.24555320336759
C2_G2_Bot_2@10,C_S30_1,122,0.0,0.9836065573770492,111.12850452343105,0.9660731262421266,-0.81065023161047,0.05732484076433121,157.0,1.2442791827047235,3.015358667348668,SEVERE30,chronic,41.0,122,111.12850452343105
C2_G2_Bot_2@15,C_S30_1,917,0.1134133042529989,0.9683751363140676,114.0175425099138,0.20151234959792397,0.13360600012988863,0.023121387283236993,346.0,-1.2415664840982625,1.775638480964525,SEVERE30,chronic,41.0,917,114.0175425099138
C2_G2_Mid_0@13,C_M16_3,104,0.009615384615384616,0.9615384615384616,96.67845391150621,0.6291338846806263,5.868741708069177,0.05333333333333334,75.0,1.3538859775998766,2.8760359493536733,MILD16,chronic,27.0,104,96.67845391150621
C2_G2_Mid_0@3,C_M16_3,209,0.0,0.9665071770334929,50.0,0.18443304346603304,0.7126678921655896,0.05185185185185185,135.0,-1.4821539501473393,2.8368830704840304,MILD16,chronic,27.0,209,50.0
C2_G2_Mid_0@4,C_M16_3,327,0.12232415902140673,0.9480122324159022,50.99019513592785,0.4600200180008159,1.6728405842704093,0.0,69.0,0.73447566869053,-1.9140409812720955,MILD16,chronic,27.0,327,50.99019513592785
C2_G2_Mid_0@9,C_M16_3,108,0.0,0.9166666666666666,31.622776601683796,5.008813614067707,-1.3624741542731786,0.0625,64.0,-3.8637236258433303,3.0971862741511584,MILD16,chronic,27.0,108,31.622776601683796
C2_G2_Mid_1@16,C_S16_2,519,0.1926782273603083,0.9614643545279383,40.0,0.4535567765363753,0.9432384352072144,0.04666666666666667,150.0,-0.13590917212408693,2.4388783594161043,SEVERE16,chronic,28.0,519,40.0
C2_G2_Mid_1@17,C_S16_2,982,0.07331975560081466,0.9867617107942973,84.85281374238569,0.05716457515646567,3.653595567364762,0.034482758620689655,406.0,0.7732733578503755,2.023159218243697,SEVERE16,chronic,28.0,982,84.85281374238569
C2_G2_Mid_1@36,C_S16_2,167,0.23952095808383234,0.9820359281437125,60.0,-0.5751780204624544,0.00022018858140693091,0.04597701149425287,87.0,-0.4734602449890927,2.41828769056835,SEVERE16,chronic,28.0,167,60.0
C2_G2_Mid_1@50,C_S16_2,307,0.0,0.8794788273615635,110.0,-0.14528873374763135,4.386369545864143,0.013333333333333334,150.0,1.9180765010241356,0.7726157565931001,SEVERE16,chronic,28.0,307,110.0
C2_G2_Top_1@3,C_S16_1,220,0.33636363636363636,0.9545454545454546,30.0,0.7496672337657927,3.8005868650884804,0.0449438202247191,89.0,3.117938061219733,2.5125582693325,SEVERE16,chronic,29.0,220,30.0
C2_G2_Top_1@6,C_S16_1,139,0.1510791366906475,0.920863309352518,22.360679774997898,0.025478493107626423,0.19523519702391892,0.005319148936170213,188.0,1.1898843560464751,-0.16862917374374994,SEVERE16,chronic,29.0,139,22.360679774997898
C2_G2_Top_1@8,C_S16_1,5814,0.5137598899208806,0.9815961472308221,116.61903789690601,0.004260214249355994,0.005845474531066468,0.024669603524229075,1135.0,0.04180604418951702,1.6968193957683881,SEVERE16,chronic,29.0,5814,116.61903789690601
C2_G2_Top_2@1,C_M16_3,427,0.08430913348946135,0.9742388758782201,31.622776601683796,1.001072083100282,14.22544833189325,0.01875,160.0,0.001662604829844816,1.4609984500748292,MILD16,chronic,27.0,427,31.622776601683796
C2_G2_Top_2@7,C_M16_3,172,0.20930232558139536,0.9941860465116279,20.0,10.691883147557913,47.188249973937566,0.038461538461538464,52.0,-32.38728181680675,2.424438289879115,MILD16,chronic,27.0,172,20.0
C2_G3_Bot_0@1,C_S16_3,846,0.40189125295508277,0.9940898345153665,78.10249675906654,-0.28792154436458456,1.2202780541918967,0.09090909090909091,143.0,-0.2305104780420914,3.0137223259282653,SEVERE16,chronic,28.0,846,78.10249675906654
C2_G3_Bot_0@20,C_S16_3,353,0.49008498583569404,0.9830028328611898,58.309518948453004,0.047966001959176136,2.977328989575538,0.0196078431372549,153.0,-0.3001632467175646,0.9094576302276033,SEVERE16,chronic,28.0,353,58.309518948453004
C2_G3_Bot_0@3,C_S16_3,1557,0.21001926782273603,0.9550417469492614,106.3014581273465,-0.0909474408249152,1.2940911067122745,0.04482758620689655,580.0,-0.24946689828909674,2.025261232745101,SEVERE16,chronic,28.0,1557,106.3014581273465
C2_G3_Bot_2@1,C_S30_1,3091,0.09446780977030088,0.9560012940795859,72.80109889280519,1.2519150735637818,2.93777979681986,0.033628318584070796,1130.0,-0.89266283190708,2.279746743926119,SEVERE30,chronic,41.0,3091,72.80109889280519
C2_G3_Bot_2@18,C_S30_1,235,0.34893617021276596,0.9744680851063829,50.0,-0.6346474759820392,1.3890256696822403,0.04040404040404041,99.0,0.3899205886677536,2.530924080632512,SEVERE30,chronic,41.0,235,50.0
C2_G3_Mid_0@12,C_S16_3,124,0.1774193548387097,0.9032258064516129,22.360679774997898,0.22411671625167479,0.4919213980952908,0.04,150.0,-0.595550631309024,1.8682918864067015,SEVERE16,chronic,28.0,124,22.360679774997898
C2_G3_Mid_0@14,C_S16_3,102,0.0,0.9411764705882353,620.0805927316512,-0.008926952630421318,-0.01145251431901587,0.0,163.0,0.02394288889064821,-2.5240255363720587,SEVERE16,chronic,28.0,102,620.0805927316512
C2_G3_Mid_0@21,C_S16_3,156,0.3525641025641026,0.9807692307692307,30.0,-0.2645352524510869,1.665260739648279,0.05405405405405406,74.0,-0.07461586548680477,2.2847212768122174,SEVERE16,chronic,28.0,156,30.0
C2_G3_Mid_0@23,C_S16_3,1919,0.18863991662324128,0.9364252214695153,94.33981132056603,-0.029871700496530502,0.3428072733009387,0.022556390977443608,798.0,0.0014564935766852583,1.0940011036884465,SEVERE16,chronic,28.0,1919,94.33981132056603
C2_G3_Mid_0@3,C_S16_3,1364,0.20821114369501467,0.9384164222873901,80.0,0.03538443998456807,0.7442119711448743,0.06868131868131869,364.0,-0.1358518808552117,2.619231514608174,SEVERE16,chronic,28.0,1364,80.0
C2_G3_Mid_0@9,C_S16_3,201,0.0,0.9800995024875622,494.9747468305833,-0.0009346877529520403,-0.0399246085240187,0.0,176.0,0.00010323777792111072,-2.5240255363720587,SEVERE16,chronic,28.0,201,494.9747468305833
C2_G3_Mid_1@16,C_M16_2,151,0.0,0.9271523178807947,327.56678708318395,-0.08603580729142825,-0.09429103242069047,0.0,102.0,0.021736130962336654,-2.5474661499525624,MILD16,chronic,27.0,151,327.56678708318395
C2_G3_Mid_1@4,C_M16_2,340,0.0,0.9794117647058823,36.05551275463989,0.37446675547320063,5.537027763077212,0.07142857142857142,84.0,-2.656733500022533,2.6508034771837115,MILD16,chronic,27.0,340,36.05551275463989
C2_G3_Mid_1@8,C_M16_2,1202,0.05490848585690516,0.9650582362728786,171.17242768623692,-0.04584433768818895,1.4312106617720617,0.02040816326530612,294.0,-0.3104045562397562,0.9384863449374277,MILD16,chronic,27.0,1202,171.17242768623692
C2_G3_Mid_2@14,C_M16_2,969,0.06914344685242518,0.95562435500516,130.384048104053,0.9549856252765874,3.6891169099165073,0.05761316872427984,486.0,0.2575983032377853,2.350093006404984,MILD16,chronic,27.0,969,130.384048104053
C2_G3_Mid_2@15,C_M16_2,180,0.011111111111111112,1.0,147.648230602334,-0.1459310784125382,2.7718963508986008,0.038461538461538464,78.0,-0.5411917990552305,1.7910131211986478,MILD16,chronic,27.0,180,147.648230602334
C2_G3_Mid_2@4,C_M16_2,396,0.3686868686868687,0.9797979797979798,144.53479341982177,1.1538115881991635,2.888513396696029,0.04472843450479233,313.0,0.178062695279801,1.9987626498027196,MILD16,chronic,27.0,396,144.53479341982177
C2_G3_Mid_2@8,C_M16_2,303,0.0429042904290429,0.9834983498349835,144.22205101855957,0.1538153655387905,1.9998124356883156,0.049586776859504134,242.0,-0.5097893907100225,2.141463254692053,MILD16,chronic,27.0,303,144.22205101855957
C2_G3_Top_0@4,C_P1_6,15471,0.5735892961023851,0.9108008532092302,155.24174696260025,1.9640248815461003,3.9789014405440035,0.0790273556231003,329.0,-3.0967752868282723,1.103297955695069,PEAK1,chronic,15.0,15471,155.24174696260025
G3_L1_1@8,C_P1_1,17292,0.6234096692111959,0.9326856349757113,141.4213562373095,1.366687748652537,2.577922186058093,0.14035087719298245,114.0,-1.4174140295411275,-0.44996884954829863,PEAK1,chronic,16.0,17292,141.4213562373095
G3_L1_2@109,C_OS1_3,898,0.4599109131403118,0.9743875278396437,70.71067811865476,-0.04735676288545157,-0.3666984655526516,0.022026431718061675,227.0,0.045775973346352423,0.14406958311829315,OS1,chronic,12.0,898,70.71067811865476
G3_L1_2@14,C_OS1_3,129,0.4186046511627907,0.9767441860465116,22.360679774997898,-0.10764841941674119,-0.4297978868665888,0.05555555555555555,54.0,0.40182906062973855,1.4044023717381862,OS1,chronic,12.0,129,22.360679774997898
G3_L1_2@44,C_OS1_3,157,0.0,0.9808917197452229,40.0,-0.061310345080921314,-0.3698469554046262,0.0,178.0,0.026739594776361703,-3.442480914506055,OS1,chronic,12.0,157,40.0
G3_L2_1@27,C_OS1_1,274,0.48175182481751827,0.9781021897810219,22.360679774997898,-0.1445434853986664,3.3632425576567244,0.0,131.0,-0.9377184802589082,-3.260858711275514,OS1,chronic,14.0,274,22.360679774997898
G3_L2_1@80,C_OS1_1,2238,0.693029490616622,0.9950848972296693,94.33981132056603,0.03844138737017105,-0.20181940949522184,0.0948905109489051,137.0,-0.19876907431257462,2.33742476465678,OS1,chronic,14.0,2238,94.33981132056603
G3_L2_2@10,C_P1_2,7411,0.5454054783430037,0.9886654972338416,131.52946437965906,0.4707000892566829,4.094478898610014,0.018691588785046728,749.0,-0.16931983614037183,-1.1151355195392003,PEAK1,chronic,18.0,7411,131.52946437965906
G3_L2_2@36,C_P1_2,174,0.22413793103448276,0.9367816091954023,31.622776601683796,0.9384483774131374,11.420428331259886,0.07766990291262135,103.0,-0.7900396414012596,0.8298548717897113,PEAK1,chronic,18.0,174,31.622776601683796
G3_L2_2@50,C_P1_2,138,0.0,0.9130434782608695,20.0,3.5996009122098074,7.421605350735633,0.031746031746031744,126.0,-1.2279511012162518,-0.4094620818884172,PEAK1,chronic,18.0,138,20.0
G3_L3_1@77,C_OS1_2,142,0.0,0.9366197183098591,30.0,0.48708013309596376,0.3732606374445756,0.0,120.0,-0.999095416215519,-2.5280498387636126,OS1,chronic,12.0,142,30.0
G3_L3_2@1,C_P1_3,8160,0.5715686274509804,0.9881127450980393,143.17821063276352,0.2980476645045911,1.4260984724453492,0.029315960912052116,614.0,-0.30423571643979674,0.6914882989044245,PEAK1,chronic,18.0,8160,143.17821063276352
G3_L3_2@39,C_P1_3,292,0.5513698630136986,0.9691780821917808,28.284271247461902,-0.5328309028027252,6.4453645469151795,0.08955223880597014,67.0,0.14600285062308627,2.2391853169459552,PEAK1,chronic,18.0,292,28.284271247461902
G3_L3_2@65,C_P1_3,264,0.4318181818181818,0.9810606060606061,128.2455532033676,1.1088323120750112,9.957216867710581,0.07692307692307693,117.0,1.0576579248913838,2.0250373536026705,PEAK1,chronic,18.0,264,128.2455532033676
G3_L3_2@82,C_P1_3,204,0.0,0.946078431372549,50.99019513592785,1.3842997192730215,6.013661832516862,0.009009009009009009,222.0,2.1323307634554656,-0.8167252403946681,PEAK1,chronic,18.0,204,50.99019513592785
G4_L1_0@1,C_L_1,716,0.0446927374301676,0.9692737430167597,50.99019513592785,1.6784398284912316,4.962728683831425,0.03524229074889868,227.0,2.3796087101902224,2.5801838331541607,MILD30,chronic,43.0,716,50.99019513592785
G4_L1_0@3,C_L_1,1074,0.013966480446927373,0.9711359404096834,64.03124237432849,2.528017118218881,4.677078369340437,0.0226628895184136,353.0,-1.4555255880839488,1.985583854931003,MILD30,chronic,43.0,1074,64.03124237432849
G4_L1_2@16,C_L_4,153,0.0915032679738562,0.9215686274509803,36.05551275463989,2.402728823824017,8.496069308074523,0.02040816326530612,98.0,-0.7133574933024738,1.9448940069113065,MILD30,chronic,50.0,153,36.05551275463989
G4_L1_2@9,C_L_4,979,0.09499489274770173,0.9775280898876404,72.80109889280519,-0.06392527207607714,4.769516605489539,0.02416918429003021,331.0,-1.9903322863431174,2.168738562281667,MILD30,chronic,50.0,979,72.80109889280519
G4_L2_0@1,C_L_2,1978,0.0262891809908999,0.961577350859454,70.0,2.693885767664698,5.86566632069426,0.024549918166939442,611.0,-2.9437608268046533,2.02829573146441,MILD30,chronic,45.0,1978,70.0
G4_L2_1@20,C_L_5,373,0.225201072386059,0.9597855227882037,36.05551275463989,0.4997594407639684,2.9835583701607864,0.08064516129032258,124.0,-1.064009019715908,3.8888962727658893,MILD30,chronic,46.0,373,36.05551275463989
G4_L2_1@5,C_L_5,148,0.16216216216216217,0.9391891891891891,22.360679774997898,2.559302402608962,4.8535225932823565,0.022222222222222223,90.0,-0.006313767970270057,2.1182971461457316,MILD30,chronic,46.0,148,22.360679774997898
G4_L2_1@6,C_L_5,2290,0.3799126637554585,0.9755458515283842,70.71067811865476,2.457701416840981,5.868804021493487,0.039619651347068144,631.0,-1.005806801329423,2.899230797188772,MILD30,chronic,46.0,2290,70.71067811865476
G4_L3_0@1,C_L_3,145,0.25517241379310346,0.9655172413793104,28.284271247461902,-0.1799546525877733,5.9554886977015125,0.09259259259259259,108.0,-1.265145983121848,4.088245190280929,MILD30,chronic,45.0,145,28.284271247461902
G4_L3_0@24,C_L_3,6470,0.634466769706337,0.9839258114374034,113.13708498984761,1.918634245708358,2.977071499146862,0.025341130604288498,513.0,-3.055604286689405,2.2975908798076463,MILD30,chronic,45.0,6470,113.13708498984761
G4_L3_1@3,C_OS1_4,306,0.6895424836601307,0.9869281045751634,22.360679774997898,0.3065840194882262,0.838729743677304,0.04,75.0,-0.25212283612260544,1.972867219980334,OS1,chronic,14.0,306,22.360679774997898
G4_L3_1@43,C_OS1_4,328,0.042682926829268296,0.9939024390243902,111.80339887498948,-0.10469111941179268,-0.33723831073314164,0.016,125.0,0.13344138183728466,0.750474798643886,OS1,chronic,14.0,328,111.80339887498948
G5_L1_1@3,C_P1_1,1718,0.19150174621653085,0.9691501746216531,28.284271247461902,2.016743931303046,2.1557961941614794,0.025925925925925925,270.0,-0.8559873582357582,-2.7997432114846346,PEAK1,chronic,16.0,1718,28.284271247461902
G5_L1_1@6,C_P1_1,1315,0.3749049429657795,0.9870722433460076,30.0,0.10242774096169945,0.4868598158067789,0.047244094488188976,127.0,0.03346259473710755,-1.981397605436955,PEAK1,chronic,16.0,1315,30.0
G5_L1_2@47,C_OS1_3,105,0.1619047619047619,0.9619047619047619,28.284271247461902,-0.3744443202999725,-0.08499456051917323,0.0,95.0,-0.2951625588847919,-3.442480914506055,OS1,chronic,12.0,105,28.284271247461902
G5_L1_2@86,C_OS1_3,745,0.48322147651006714,0.9691275167785235,53.85164807134504,0.1433746314325297,3.7421364830737067,0.025,280.0,-0.37141579057912333,0.3124065876574135,OS1,chronic,12.0,745,53.85164807134504
G5_L1_2@95,C_OS1_3,109,0.0,0.926605504587156,40.0,-0.20856154418620546,-0.5858104547382725,0.0,38.0,0.12710276972994466,-3.442480914506055,OS1,chronic,12.0,109,40.0
G5_L2_1@16,C_OS1_1,421,0.505938242280285,0.9762470308788599,50.0,0.7247368894598892,0.8945047358653868,0.02142857142857143,140.0,-0.6527110588429682,0.28933837128496565,OS1,chronic,14.0,421,50.0
G5_L2_1@51,C_OS1_1,363,0.25895316804407714,0.9752066115702479,36.05551275463989,2.0857868409402345,2.4628952738343832,0.014184397163120567,141.0,-0.957491855099919,-0.24432698738562583,OS1,chronic,14.0,363,36.05551275463989
G5_L2_2@1,C_P1_2,2719,0.6509746230231703,0.9959543949981611,176.91806012954132,2.1126038904481783,4.789473394434266,0.0036900369003690036,271.0,-1.5791984914519968,-2.9776700313584423,PEAK1,chronic,18.0,2719,176.91806012954132
G5_L2_2@12,C_P1_2,399,0.2631578947368421,0.9398496240601504,351.28336140500596,0.0814737171094592,4.2060306791664654,0.05970149253731343,268.0,-0.40126404200938304,0.4611254430480698,PEAK1,chronic,18.0,399,351.28336140500596
G5_L2_2@15,C_P1_2,1475,0.5911864406779661,0.9681355932203389,130.384048104053,0.15275409317273203,3.794535722452573,0.02127659574468085,141.0,-0.7311906486455382,-0.9452998688046863,PEAK1,chronic,18.0,1475,130.384048104053
G5_L2_2@28,C_P1_2,134,0.007462686567164179,0.8805970149253731,50.0,2.0818966968996153,5.758647806355926,0.022222222222222223,135.0,0.5514618549804524,-0.8878487165849914,PEAK1,chronic,18.0,134,50.0
G5_L3_1@77,C_OS1_2,120,0.0,0.85,22.360679774997898,2.6593367766180562,3.151042441785911,0.00980392156862745,102.0,0.809578734544901,0.03314449602459399,OS1,chronic,12.0,120,22.360679774997898
G5_L3_2@1,C_P1_3,4139,0.50374486590964,0.932350809374245,180.27756377319946,0.3018412932998661,3.513443002928483,0.015105740181268883,331.0,-0.9802046613888633,-0.18092931676476234,PEAK1,chronic,18.0,4139,180.27756377319946
G6_L1_0@1,C_L_3,382,0.015706806282722512,0.9528795811518325,100.0,0.41397205644873136,2.3025406187796285,0.04020100502512563,199.0,-0.37606637654764047,2.923795335033043,MILD30,chronic,45.0,382,100.0
G6_L1_0@32,C_L_3,396,0.35858585858585856,0.9621212121212122,50.0,-0.022511372840855436,0.057957477450264,0.014354066985645933,209.0,-0.13634961900903678,1.556167432336931,MILD30,chronic,45.0,396,50.0
G6_L1_0@5,C_L_3,136,0.03676470588235294,0.9632352941176471,70.0,1.0375461481825299,3.2347635322783477,0.058823529411764705,153.0,2.7645367061315014,3.4511475118062696,MILD30,chronic,45.0,136,70.0
G6_L1_0@60,C_L_3,349,0.18624641833810887,0.9656160458452722,192.09372712298546,2.431330393914021,3.4805201882825196,0.0182648401826484,219.0,3.4672562200231103,1.8654967753375125,MILD30,chronic,45.0,349,192.09372712298546
G6_L1_0@65,C_L_3,227,0.02643171806167401,0.947136563876652,100.0,-0.3903346265884814,4.231039402995842,0.07586206896551724,145.0,-2.2400946570025546,3.8074386583871034,MILD30,chronic,45.0,227,100.0
G6_L1_1@16,C_L_2,207,0.043478260869565216,0.9806763285024155,126.49110640673518,2.741152396515961,2.105928691956932,0.025477707006369428,157.0,-1.2734064296222467,2.077849934533304,MILD30,chronic,45.0,207,126.49110640673518
G6_L1_1@2,C_L_2,553,0.05244122965641953,0.9638336347197106,78.10249675906654,0.577355823581775,1.7562603861141461,0.0425531914893617,188.0,-0.5962755933279082,2.7751170975176485,MILD30,chronic,45.0,553,78.10249675906654
G6_L1_1@8,C_L_2,336,0.06547619047619048,0.9523809523809523,41.23105625617661,-0.022621544581788833,0.4983874234650667,0.055944055944055944,143.0,-0.12437097983880441,3.154248990465295,MILD30,chronic,45.0,336,41.23105625617661
G6_L1_2@11,C_L_1,435,0.059770114942528735,0.9816091954022989,67.0820393249937,1.0593339375157373,4.2762132036021505,0.040268456375838924,149.0,-0.38058223472421115,2.762823445087531,MILD30,chronic,43.0,435,67.0820393249937
G6_L1_2@22,C_L_1,359,0.22562674094707522,0.9972144846796658,85.44003745317531,0.6901295665816054,3.948758005233659,0.016,125.0,1.4534282403397416,1.5312389248565952,MILD30,chronic,43.0,359,85.44003745317531
G6_L1_2@35,C_L_1,134,0.12686567164179105,0.9925373134328358,110.45361017187261,0.9200108543242352,2.5387463993871155,0.03184713375796178,157.0,0.25566116563926067,2.4422756870131623,MILD30,chronic,43.0,134,110.45361017187261
G6_L2_0@12,C_OS1_4,104,0.019230769230769232,0.9711538461538461,20.0,1.5907741542719724,0.6091208903947081,0.0425531914893617,47.0,-1.6788573307494075,2.0580066724547446,OS1,chronic,14.0,104,20.0
G6_L2_0@15,C_OS1_4,329,0.5440729483282675,0.9817629179331308,36.05551275463989,0.5571893685917702,2.3264542000963746,0.006172839506172839,162.0,-2.023448700038303,-0.38861279887583355,OS1,chronic,14.0,329,36.05551275463989
G6_L2_1@1,C_L_5,324,0.027777777777777776,0.9753086419753086,101.72752881053945,4.907476444001424,14.483745262604678,0.0539568345323741,278.0,-1.9024955616633838,3.3262802695218188,MILD30,chronic,46.0,324,101.72752881053945
G6_L2_1@12,C_L_5,682,0.11436950146627566,0.9912023460410557,98.48857801796103,10.2937759491101,15.171493597931585,0.03535353535353535,198.0,-5.779837979063677,2.743210712135704,MILD30,chronic,46.0,682,98.48857801796103
G6_L3_2@1,C_L_4,1166,0.03687821612349914,0.9905660377358491,130.0,1.1855659034435007,8.825776290993089,0.031746031746031744,315.0,-3.191468931605791,2.5355874700525045,MILD30,chronic,50.0,1166,130.0
G6_L3_2@11,C_L_4,152,0.24342105263157895,0.9868421052631579,50.0,11.679120916613346,14.44467506120038,0.05714285714285714,105.0,-3.0025051236733518,3.3450735474630378,MILD30,chronic,50.0,152,50.0
G6_L3_2@6,C_L_4,385,0.11948051948051948,0.9714285714285714,287.92360097775935,9.90789174764182,8.034418732354071,0.010810810810810811,185.0,-0.645741144346216,1.1382313952906258,MILD30,chronic,50.0,385,287.92360097775935
S1_B1_0@1,RR_R1_1,4826,0.22088686282635722,0.8377538334024036,156.5247584249853,0.775403307931979,0.8026082462926452,0.03052064631956912,557.0,-0.8091849087586424,-1.2131032654959804,REMISSION1,RR,20.0,4826,156.5247584249853
S1_B1_1@11,RR_P2M_1,427,0.0,0.9250585480093677,807.7747210701756,-0.22164160366282137,0.13362042215325295,0.004694835680751174,426.0,0.14520520102128484,-2.0868028296848107,PEAK2_MILD,RR,31.0,427,807.7747210701756
S1_B1_1@17,RR_P2M_1,2266,0.5472197705207414,0.9655781112091791,92.19544457292886,0.37219116239644723,1.3241269521829455,0.037122969837587005,431.0,-0.7583584709829647,0.4600925088895091,PEAK2_MILD,RR,31.0,2266,92.19544457292886
S1_B1_1@2,RR_P2M_1,1818,0.422992299229923,0.9807480748074807,84.85281374238569,0.96969399556734,4.228405932112703,0.050359712230215826,417.0,-1.435748397912671,0.8805337872152987,PEAK2_MILD,RR,31.0,1818,84.85281374238569
S1_B1_1@21,RR_P2M_1,153,0.0,0.9084967320261438,472.65209192385896,-0.13466148951077206,1.2680938725452413,0.009433962264150943,106.0,-0.15462359633267042,-1.3145979469931086,PEAK2_MILD,RR,31.0,153,472.65209192385896
S1_B1_1@35,RR_P2M_1,1496,0.5401069518716578,0.9832887700534759,224.16442414621065,0.03784180070978679,0.701101839097571,0.03178484107579462,409.0,-0.8702029637230966,0.24845268766939266,PEAK2_MILD,RR,31.0,1496,224.16442414621065
S1_B1_2@30,RR_OS1_1,1757,0.33352305065452476,0.9339783722253842,64.03124237432849,0.6704600248200813,-0.34388741050277666,0.026143790849673203,153.0,-0.15164184339401882,0.7315794215487018,ONSET1,RR,11.0,1757,64.03124237432849
S1_B1_2@5,RR_OS1_1,1776,0.3536036036036036,0.9926801801801802,50.0,0.010100321722767593,-0.19718363961690918,0.03365384615384615,208.0,-0.07811903543848567,1.0728204705585584,ONSET1,RR,11.0,1776,50.0
S1_B1_2@9,RR_OS1_1,245,0.061224489795918366,0.9387755102040817,28.284271247461902,0.8928077689055354,0.7060599385104821,0.005747126436781609,174.0,-0.7000244177437482,-1.12950405459275,ONSET1,RR,11.0,245,28.284271247461902
S1_B2_0@1,RR_P2M_1,1653,0.3454325468844525,0.9534180278281912,56.568542494923804,0.6155711081332718,4.226531120435508,0.03987730061349693,326.0,-1.711291956686054,0.5582450689649274,PEAK2_MILD,RR,31.0,1653,56.568542494923804
S1_B2_0@19,RR_P2M_1,535,0.2523364485981308,0.9775700934579439,36.05551275463989,2.9070546014494996,5.405349283883539,0.04242424242424243,165.0,1.4512629577163874,0.6434237928724981,PEAK2_MILD,RR,31.0,535,36.05551275463989
S1_B2_0@22,RR_P2M_1,762,0.18766404199475065,0.973753280839895,31.622776601683796,1.2425651815600893,4.979399465719249,0.0514018691588785,214.0,-1.734749063019016,0.9089668586323645,PEAK2_MILD,RR,31.0,762,31.622776601683796
S1_B2_0@5,RR_P2M_1,188,0.0,0.9521276595744681,378.2174278598104,-0.11072394579706524,0.1544396608504224,0.0078125,128.0,0.9233436884874333,-1.5352307270112333,PEAK2_MILD,RR,31.0,188,378.2174278598104
S1_B2_0@9,RR_P2M_1,207,0.0966183574879227,0.9710144927536232,30.0,3.9976084584695655,0.44770805084823806,0.0234375,128.0,-2.515666973022393,-0.16096649163661333,PEAK2_MILD,RR,31.0,207,30.0
S1_B2_1@2,RR_OS1_1,350,0.02857142857142857,0.9428571428571428,22.360679774997898,1.7723798386173484,2.7160897301743843,0.04113924050632911,316.0,-0.7289882105048373,1.3477635321228552,ONSET1,RR,11.0,350,22.360679774997898
S1_B2_1@36,RR_OS1_1,386,0.0051813471502590676,0.8393782383419689,22.360679774997898,3.7796538971626674,3.13126953970866,0.028846153846153848,208.0,-0.49420643260399855,0.8638533683879481,ONSET1,RR,11.0,386,22.360679774997898
S1_B2_2@11,RR_R1_1,6342,0.1479028697571744,0.9038158309681489,246.98178070456936,0.06911243882105873,1.6123709280694218,0.02578616352201258,1590.0,0.11810956981794318,-1.4400925423198105,REMISSION1,RR,20.0,6342,246.98178070456936
S1_B3_1@1,RR_R1_1,5769,0.17767377361761136,0.7857514300572023,182.4828759089466,1.5935958074825018,4.710649940062809,0.043697478991596636,595.0,-0.9360488339054558,-0.7223446176739134,REMISSION1,RR,20.0,5769,182.4828759089466
S1_B3_1@15,RR_R1_1,105,0.5523809523809524,0.9809523809523809,28.284271247461902,3.53236664478464,5.589876515539357,0.06,100.0,-5.150534388870069,-0.2821909800038548,REMISSION1,RR,20.0,105,28.284271247461902
S1_B3_2@1,RR_P2M_1,2850,0.23894736842105263,0.9508771929824561,151.32745950421557,0.29951668665542186,2.5188539576211637,0.01859799713876967,699.0,-0.5566780956916599,-0.4654193182886658,PEAK2_MILD,RR,31.0,2850,151.32745950421557
S1_B3_2@10,RR_P2M_1,594,0.27946127946127947,0.9511784511784511,212.01411768006759,0.9733326772006905,5.759498831616802,0.012779552715654952,313.0,-1.1375667220946504,-0.9443207721992882,PEAK2_MILD,RR,31.0,594,212.01411768006759
S1_B3_2@20,RR_P2M_1,1066,0.4540337711069418,0.9831144465290806,36.05551275463989,3.3640057673195622,14.10085444357977,0.05235602094240838,191.0,-4.834282081072155,0.9345164684532195,PEAK2_MILD,RR,31.0,1066,36.05551275463989
S1_T1_0@15,RR_MP_1,130,0.007692307692307693,0.9692307692307692,28.284271247461902,6.5574778508165465,13.828317586486985,0.08045977011494253,87.0,1.0700489814833682,3.2239776250837626,MONOPHASIC,RR,33.0,130,28.284271247461902
S1_T1_0@25,RR_MP_1,235,0.0,0.9744680851063829,28.284271247461902,4.093095206964519,6.167810279335047,0.0,58.0,-21.605666622107158,-2.1416409090250337,MONOPHASIC,RR,33.0,235,28.284271247461902
S1_T1_0@26,RR_MP_1,164,0.0,0.9878048780487805,53.85164807134504,1.610361040371285,21.820666012705733,0.0,69.0,-7.444032801563068,-2.1416409090250337,MONOPHASIC,RR,33.0,164,53.85164807134504
S1_T2_0@5,RR_P1_1,8439,0.4577556582533476,0.9413437611091362,178.88543819998318,0.3157793990205733,0.8466892402288859,0.034013605442176874,147.0,-0.30932620194708926,-2.4180660489419408,PEAK1,RR,18.0,8439,178.88543819998318
S1_T2_2@16,RR_MP_1,116,0.0,0.9396551724137931,22.360679774997898,1.4633867942409438,8.959172884636851,0.008849557522123894,113.0,-6.794509431830308,0.2979233922505602,MONOPHASIC,RR,33.0,116,22.360679774997898
S1_T2_2@17,RR_MP_1,162,0.0,0.9567901234567902,28.284271247461902,23.899718636922408,22.298500660837412,0.041237113402061855,97.0,11.991846358712536,2.2925573948844313,MONOPHASIC,RR,33.0,162,28.284271247461902
S1_T2_2@21,RR_MP_1,106,0.07547169811320754,0.9716981132075472,44.721359549995796,2.282907740683776,14.10793455881982,0.01694915254237288,59.0,2.149630900197611,1.1024205144563153,MONOPHASIC,RR,33.0,106,44.721359549995796
S1_T2_2@4,RR_MP_1,245,0.004081632653061225,0.926530612244898,30.0,2.8597063315383617,25.791515477278654,0.10526315789473684,76.0,-14.763689674197183,3.6033699136971946,MONOPHASIC,RR,33.0,245,30.0
S1_T3_0@1,RR_P1_1,10841,0.5885065953325339,0.9635642468406973,183.5755975068582,3.526881507202418,1.740495618844871,0.06363636363636363,110.0,-2.3830364054008575,-1.5521127753511013,PEAK1,RR,18.0,10841,183.5755975068582
S1_T3_1@20,RR_MP_1,120,0.05,1.0,22.360679774997898,0.5759994674584628,1.01772087312182,0.04878048780487805,41.0,-1.2887709488499592,2.5245614396563,MONOPHASIC,RR,33.0,120,22.360679774997898
S1_T3_1@22,RR_MP_1,234,0.0,0.9145299145299145,42.426406871192846,0.3800574004909231,0.19834867088084546,0.010526315789473684,95.0,1.1391435784840536,0.5052493408393245,MONOPHASIC,RR,33.0,234,42.426406871192846
S1_T3_1@24,RR_MP_1,259,0.015444015444015444,0.9806949806949807,76.15773105863909,0.11455831849941828,1.151262911119843,0.013157894736842105,76.0,0.26795649121070453,0.7803565789736934,MONOPHASIC,RR,33.0,259,76.15773105863909
S1_T3_1@6,RR_MP_1,237,0.02109704641350211,0.9451476793248945,58.309518948453004,0.44757139190248985,0.9695631626240891,0.027522935779816515,109.0,-0.8930256551087511,1.7421233769214866,MONOPHASIC,RR,33.0,237,58.309518948453004
S1_T3_2@1,RR_P1_1,7694,0.6072264101897582,0.9576293215492592,174.6424919657298,7.640693595820013,9.053765396271794,0.045454545454545456,66.0,-6.944810055258044,-2.0200618056683877,PEAK1,RR,18.0,7694,174.6424919657298
S2_B1_0@41,RR_OS2_1,2184,0.2216117216117216,0.9290293040293041,134.53624047073708,-0.048250571929813205,-0.34733436105002813,0.020224719101123594,445.0,0.02359402671957274,0.6906995353127272,ONSET2,RR,13.0,2184,134.53624047073708
S2_B1_0@82,RR_OS2_1,348,0.020114942528735632,0.9109195402298851,36.05551275463989,0.8201836192461498,1.3049444539996444,0.0047169811320754715,212.0,-0.5711412705823846,-1.0355807680767872,ONSET2,RR,13.0,348,36.05551275463989
S2_B1_1@22,RR_P2M_2,193,0.09326424870466321,0.9585492227979274,30.0,2.741839128397301,4.6113529092017504,0.03571428571428571,140.0,0.7222088503382214,0.28802312601965435,PEAK2_MILD,RR,31.0,193,30.0
S2_B1_1@6,RR_P2M_2,5679,0.3556964254270118,0.9425955273815813,100.0,1.4566194282503906,2.897255092135656,0.024193548387096774,868.0,-3.4972450428287094,-0.23787646448289407,PEAK2_MILD,RR,31.0,5679,100.0
S2_B2_0@24,RR_P2M_2,514,0.321011673151751,0.9785992217898832,50.99019513592785,1.64144255815996,4.780799226063353,0.024752475247524754,202.0,-1.1657500099314024,-0.20741559470730506,PEAK2_MILD,RR,31.0,514,50.99019513592785
S2_B2_0@25,RR_P2M_2,215,0.25116279069767444,0.9302325581395349,619.8386886924694,-0.14301248824372859,-0.36331854499161015,0.014354066985645933,209.0,0.005597708542175339,-0.9174385216859384,PEAK2_MILD,RR,31.0,215,619.8386886924694
S2_B2_0@28,RR_P2M_2,109,0.0,0.981651376146789,718.4705978674423,-0.17961646224009364,0.4729781463007665,0.017241379310344827,116.0,-0.48271888159152443,-0.6828757545795796,PEAK2_MILD,RR,31.0,109,718.4705978674423
S2_B2_0@3,RR_P2M_2,4176,0.2868773946360153,0.9341475095785441,90.55385138137417,-0.07185982386345714,1.1992400384636799,0.03229527104959631,867.0,-0.14235299452934924,0.15092168153065078,PEAK2_MILD,RR,31.0,4176,90.55385138137417
S2_B2_0@42,RR_P2M_2,113,0.0,0.9557522123893806,36.05551275463989,3.2035635817436936,4.045268138640779,0.0,98.0,-3.875112746740248,-3.949016071281195,PEAK2_MILD,RR,31.0,113,36.05551275463989
S2_B2_1@23,RR_MP_2,260,0.2846153846153846,0.9769230769230769,36.05551275463989,2.153130225255274,9.886561248347697,0.02631578947368421,76.0,-1.9266217631071931,1.3735019284779912,MONOPHASIC,RR,33.0,260,36.05551275463989
S2_B2_1@32,RR_MP_2,257,0.38910505836575876,0.953307392996109,36.05551275463989,2.088297073502625,4.856988555568414,0.020134228187919462,149.0,-0.9956864365509127,1.018174242340258,MONOPHASIC,RR,33.0,257,36.05551275463989
S2_B2_1@36,RR_MP_2,174,0.367816091954023,1.0,29.14213562373095,0.9068788287649574,5.967602684386127,0.02857142857142857,35.0,-1.4591946756981153,1.484079143708495,MONOPHASIC,RR,33.0,174,29.14213562373095
S2_B2_1@4,RR_MP_2,2052,0.3864522417153996,0.9673489278752436,70.0,1.573729785237487,4.508295846435319,0.024671052631578948,608.0,-1.7908735592687748,1.287169939388266,MONOPHASIC,RR,33.0,2052,70.0
S2_B2_2@13,RR_MP_2,106,0.2830188679245283,0.9622641509433962,563.0275304103699,-0.1424716183550221,-0.38848446276026444,0.009523809523809525,105.0,0.025466775232779057,0.0765128938607868,MONOPHASIC,RR,33.0,106,563.0275304103699
S2_B2_2@19,RR_MP_2,299,0.07692307692307693,0.959866220735786,53.85164807134504,2.348668759150043,2.8958456634791934,0.07894736842105263,152.0,-1.1226145130450296,2.888879353883193,MONOPHASIC,RR,33.0,299,53.85164807134504
S2_B2_2@26,RR_MP_2,248,0.16532258064516128,0.9233870967741935,31.622776601683796,8.251348865134101,8.19413479192223,0.03524229074889868,227.0,-2.0457654870901854,1.7688369891048303,MONOPHASIC,RR,33.0,248,31.622776601683796
S2_B2_2@28,RR_MP_2,160,0.15625,0.9375,40.0,5.369213867825008,9.278438249603443,0.1,80.0,-1.7903582306805008,3.222392421336448,MONOPHASIC,RR,33.0,160,40.0
S2_B2_2@3,RR_MP_2,445,0.24044943820224718,0.950561797752809,30.0,2.1002667757046765,3.38393500460973,0.031007751937984496,129.0,-2.5088772590031536,1.5947000583939923,MONOPHASIC,RR,33.0,445,30.0
S2_B2_2@6,RR_MP_2,2646,0.30498866213151926,0.9119425547996977,70.71067811865476,1.0282228292931155,2.591309085829734,0.05305039787798409,377.0,-1.6136508583106215,2.3326481651903723,MONOPHASIC,RR,33.0,2646,70.71067811865476
S2_B2_2@9,RR_MP_2,182,0.11538461538461539,0.945054945054945,22.360679774997898,3.199287034655889,7.460925887119261,0.03,100.0,-5.133233047031188,1.5499670793649525,MONOPHASIC,RR,33.0,182,22.360679774997898
S2_B3_0@21,RR_OS2_1,144,0.0,0.9513888888888888,70.71067811865476,-0.1855223341941279,-0.41583050972462693,0.009900990099009901,101.0,-0.007557885116896951,-0.21038404652059492,ONSET2,RR,13.0,144,70.71067811865476
S2_B3_0@30,RR_OS2_1,365,0.9123287671232877,0.9945205479452055,22.360679774997898,0.1349712849211931,0.40861079919395854,0.12149532710280374,107.0,-0.9056196105250464,3.164918898496142,ONSET2,RR,13.0,365,22.360679774997898
S2_B3_0@48,RR_OS2_1,367,0.37057220708446864,0.9700272479564033,41.23105625617661,0.27100957756283184,0.8882781372907467,0.02824858757062147,177.0,0.5224885439808448,1.1354021290777945,ONSET2,RR,13.0,367,41.23105625617661
S2_B3_0@77,RR_OS2_1,126,0.29365079365079366,0.8888888888888888,20.0,2.8931672393930694,3.5622376041976214,0.09375,64.0,-5.782979027154422,2.7978068374449716,ONSET2,RR,13.0,126,20.0
S2_B3_0@9,RR_OS2_1,693,0.18614718614718614,0.9812409812409812,42.426406871192846,-0.13941915411107184,-0.4152598295776332,0.02857142857142857,280.0,0.038367925980129,1.1507183198635569,ONSET2,RR,13.0,693,42.426406871192846
S2_B3_1@1,RR_MP_2,510,0.30196078431372547,0.9666666666666667,50.99019513592785,0.2639008967077293,0.10856337899244964,0.023890784982935155,293.0,0.31365238175084753,1.2443338812369422,MONOPHASIC,RR,33.0,510,50.99019513592785
S2_B3_1@32,RR_MP_2,177,0.2994350282485876,0.96045197740113,58.309518948453004,2.073215164068206,3.712276226337784,0.06310679611650485,206.0,0.8609067301761748,2.5747033199755185,MONOPHASIC,RR,33.0,177,58.309518948453004
S2_B3_1@37,RR_MP_2,291,0.18556701030927836,0.9690721649484536,114.0175425099138,-0.16521270434095509,2.3248194850212323,0.013245033112582781,151.0,0.20560061616716574,0.480234458172104,MONOPHASIC,RR,33.0,291,114.0175425099138
S2_B3_1@39,RR_MP_2,2436,0.5504926108374384,0.9614121510673235,156.5247584249853,0.08421535332793748,0.24939801541298803,0.01714898177920686,933.0,-0.1711817181084001,0.8091628551156724,MONOPHASIC,RR,33.0,2436,156.5247584249853
S2_B3_1@43,RR_MP_2,207,0.06763285024154589,0.8260869565217391,36.05551275463989,3.692254232316807,1.665101498617548,0.004405286343612335,227.0,-0.4571775887376708,-0.7707698540063681,MONOPHASIC,RR,33.0,207,36.05551275463989
S2_B3_1@45,RR_MP_2,301,0.5249169435215947,0.9767441860465116,50.99019513592785,0.8550877996639037,4.736034775827022,0.02564102564102564,78.0,0.3331915121194349,1.3387063232552097,MONOPHASIC,RR,33.0,301,50.99019513592785
S2_B3_1@68,RR_MP_2,126,0.36507936507936506,0.9444444444444444,38.643284505408246,2.45744514533152,3.13334574391627,0.02142857142857143,140.0,-2.8463091232844726,1.100164161925432,MONOPHASIC,RR,33.0,126,38.643284505408246
S2_B3_1@8,RR_MP_2,284,0.46830985915492956,0.9859154929577465,40.0,0.444769028617963,3.1583021140264917,0.07462686567164178,67.0,-1.1762092555031036,2.809745469482598,MONOPHASIC,RR,33.0,284,40.0
S2_B3_2@15,RR_P2M_2,2790,0.2878136200716846,0.9666666666666667,100.0,-0.04777691439201362,1.5301344141422564,0.02159090909090909,880.0,-0.36581222128543056,-0.38885696156061145,PEAK2_MILD,RR,31.0,2790,100.0
S2_B3_2@16,RR_P2M_2,183,0.03278688524590164,0.9672131147540983,30.0,2.905364683125182,4.666925412072184,0.01,100.0,-2.709631728498348,-1.3640535705600387,PEAK2_MILD,RR,31.0,183,30.0
S2_B3_2@19,RR_P2M_2,125,0.24,0.944,42.426406871192846,2.0254298958255914,8.750377260421583,0.07407407407407407,81.0,0.7605757316301194,1.3003168928735314,PEAK2_MILD,RR,31.0,125,42.426406871192846
S2_B3_2@26,RR_P2M_2,198,0.20202020202020202,0.9595959595959596,36.05551275463989,0.8177116998808782,2.7627820556930525,0.05660377358490566,53.0,0.8715483180940891,0.9239055885429069,PEAK2_MILD,RR,31.0,198,36.05551275463989
S2_B3_2@43,RR_P2M_2,577,0.2218370883882149,0.975736568457539,50.0,0.579057011657237,5.674489257600152,0.07602339181286549,171.0,-3.325173538702733,1.3368187398004532,PEAK2_MILD,RR,31.0,577,50.0
S2_T1_0@1,RR_R1_2,14388,0.609883236030025,0.9212538226299695,170.29386365926402,7.16553820948115,8.846147652844039,0.07894736842105263,38.0,-8.006808294233853,3.13329556593262,REMISSION1,RR,25.0,14388,170.29386365926402
S2_T2_2@10,RR_R1_2,200,0.105,0.88,44.721359549995796,0.7732615380039198,1.3723789283296912,0.025,40.0,-1.1652007922666863,1.5492707935778476,REMISSION1,RR,25.0,200,44.721359549995796
S2_T2_2@12,RR_R1_2,369,0.2086720867208672,0.994579945799458,31.622776601683796,1.746686588960543,3.500770372760871,0.038834951456310676,103.0,-4.027796193849233,2.1461158989629396,REMISSION1,RR,25.0,369,31.622776601683796
S2_T2_2@14,RR_R1_2,262,0.16793893129770993,0.9312977099236641,28.284271247461902,0.027479617381630426,2.874179319629391,0.046511627906976744,86.0,-1.0497973539121672,2.3946419792320466,REMISSION1,RR,25.0,262,28.284271247461902
S2_T2_2@26,RR_R1_2,423,0.1347517730496454,0.9574468085106383,36.05551275463989,3.33646740280905,4.16475401816501,0.05154639175257732,194.0,-4.617582092566266,2.5371007479056584,REMISSION1,RR,25.0,423,36.05551275463989
S2_T2_2@29,RR_R1_2,132,0.3181818181818182,0.9848484848484849,42.426406871192846,2.1961541545980436,7.629181989729943,0.058823529411764705,102.0,2.7333078743255124,2.720940920478974,REMISSION1,RR,25.0,132,42.426406871192846
S2_T3_0@1,RR_P3_1,931,0.17937701396348013,0.9591836734693877,50.0,0.5609542106843589,1.1693805601942617,0.05352112676056338,355.0,-0.11132395737805334,1.8137421485694318,PEAK3,RR,48.0,931,50.0
S2_T3_0@12,RR_P3_1,158,0.23417721518987342,0.9620253164556962,80.62257748298549,-0.032773740753619274,0.49450999299576964,0.0,73.0,-0.47558625404471083,-2.9812227929693718,PEAK3,RR,48.0,158,80.62257748298549
S2_T3_0@7,RR_P3_1,189,0.0,0.9312169312169312,14.142135623730951,0.12964870972104123,0.5630770009637418,0.04411764705882353,68.0,-0.11619347412959698,1.546024209895497,PEAK3,RR,48.0,189,14.142135623730951
S2_T3_1@2,RR_P3_1,1634,0.45165238678090575,0.9822521419828641,36.05551275463989,0.03604984541292826,2.924246180403989,0.03519061583577713,341.0,-1.9998968799974164,1.235643939512033,PEAK3,RR,48.0,1634,36.05551275463989
S2_T3_1@29,RR_P3_1,412,0.4587378640776699,0.9757281553398058,42.426406871192846,0.16721499786540803,2.650638838773766,0.03937007874015748,127.0,-1.3669447985872536,1.389293005392094,PEAK3,RR,48.0,412,42.426406871192846
S2_T3_1@35,RR_P3_1,388,0.33505154639175255,0.9536082474226805,22.360679774997898,0.8320909687969524,1.7816380677841654,0.03553299492385787,197.0,-0.9608353057657326,1.248864715761495,PEAK3,RR,48.0,388,22.360679774997898
S2_T3_1@36,RR_P3_1,3390,0.7563421828908554,0.9882005899705014,407.12405508549955,0.1911157502368624,1.4060153704723362,0.012618296529968454,634.0,0.1847436955807079,-0.11151949424395752,PEAK3,RR,48.0,3390,407.12405508549955
S2_T3_1@46,RR_P3_1,164,0.3719512195121951,0.9451219512195121,28.284271247461902,6.027243688891652,2.8391232354723983,0.014084507042253521,142.0,0.13898887691877881,0.026377022888788737,PEAK3,RR,48.0,164,28.284271247461902
S3_B1_0@21,RR_OS2_2,199,0.2562814070351759,1.0,22.360679774997898,-0.09867954879278157,0.2990516699937928,0.0,46.0,-0.2802672856685798,-2.73260077188735,ONSET2,RR,13.0,199,22.360679774997898
S3_B1_0@3,RR_OS2_2,122,0.47540983606557374,0.9918032786885246,50.0,-0.061945683703492765,-0.135488621727446,0.0,53.0,-0.9878741751761708,-2.73260077188735,ONSET2,RR,13.0,122,50.0
S3_B1_0@30,RR_OS2_2,243,0.0823045267489712,0.8806584362139918,20.0,0.5025121421761879,-0.23180559895614816,0.0,158.0,-0.40554225702932856,-2.73260077188735,ONSET2,RR,13.0,243,20.0
S3_B1_1@5,RR_P1_2,10314,0.6629823540818305,0.964320341283692,152.97058540778355,1.4988273451090917,1.3531809574842604,0.07761194029850746,335.0,-2.034272578331191,-1.1113518356089445,PEAK1,RR,17.0,10314,152.97058540778355
S3_B1_2@7,RR_P3_2,10315,0.7112942317014057,0.9910809500727097,184.39088914585773,1.756392057757122,1.2067274445106617,0.050980392156862744,255.0,-2.485895272435199,-1.9090182978603383,PEAK3,RR,48.0,10315,184.39088914585773
S3_B2_0@10,RR_OS2_2,1703,0.3693482090428655,0.9800352319436288,60.82762530298219,-0.1554818780335633,-0.545823067745326,0.016181229773462782,309.0,0.09531301656250471,0.45177710933467335,ONSET2,RR,13.0,1703,60.82762530298219
S3_B2_0@20,RR_OS2_2,138,0.0,0.9565217391304348,106.3014581273465,-0.19161850766249522,-0.5080623459932099,0.0,147.0,-0.05213797607632087,-2.73260077188735,ONSET2,RR,13.0,138,106.3014581273465
S3_B2_0@22,RR_OS2_2,513,0.4269005847953216,0.9746588693957114,70.0,-0.05285573479858402,0.07608004923614856,0.010869565217391304,92.0,0.5315993610828831,-0.046709362315413366,ONSET2,RR,13.0,513,70.0
S3_B2_0@6,RR_OS2_2,103,0.21359223300970873,0.9902912621359223,22.360679774997898,-0.12860951224325573,0.25930329707694344,0.04,50.0,-0.020991591125836095,1.6597166508914103,ONSET2,RR,13.0,103,22.360679774997898
S3_B2_1@26,RR_OS2_2,1220,0.4598360655737705,0.9770491803278688,41.23105625617661,0.7806486761848861,0.31840892782923746,0.06015037593984962,266.0,-1.2082722851336263,2.2250904409860004,ONSET2,RR,13.0,1220,41.23105625617661
S3_B2_2@1,RR_P1_2,13545,0.5632336655592469,0.9137689184200812,211.8962010041709,1.3019275294485921,2.949027914583416,0.09859154929577464,71.0,-2.646723829240801,-0.7738994556207147,PEAK1,RR,17.0,13545,211.8962010041709
S3_B3_0@8,RR_P1_2,7927,0.6103191623565031,0.9784281569320046,136.01470508735443,0.7580845788352937,1.8635054798607806,0.07423580786026202,229.0,-1.0016106447084152,-1.1738678709117676,PEAK1,RR,17.0,7927,136.01470508735443
S3_B3_1@1,RR_P3_2,10617,0.49524347744183855,0.8992182349062824,212.13203435596427,0.3231922070635617,0.6076207314768868,0.026004728132387706,423.0,-1.0501995653313554,-2.8288063975394784,PEAK3,RR,48.0,10617,212.13203435596427
S3_B3_1@25,RR_P3_2,249,0.27710843373493976,0.9558232931726908,30.0,0.18891640941284812,1.127378502551368,0.043859649122807015,114.0,-0.8103010249906637,-2.1172515035838355,PEAK3,RR,48.0,249,30.0
S3_T1_1@10,RR_MP_3,126,0.0,0.9761904761904762,63.63839778884804,2.6613194702503815,5.967680319390766,0.031914893617021274,94.0,-3.0723086464017824,1.8487654040345656,MONOPHASIC,RR,32.0,126,63.63839778884804
S3_T1_1@12,RR_MP_3,180,0.03888888888888889,0.9777777777777777,20.0,1.1056396332559002,7.891791270396722,0.03571428571428571,56.0,-2.0821300964493377,2.001957539022581,MONOPHASIC,RR,32.0,180,20.0
S3_T1_1@2,RR_MP_3,199,0.0,0.964824120603015,22.360679774997898,1.8127709584100025,6.395251269409417,0.0684931506849315,73.0,-1.0549595465235755,2.904329524575514,MONOPHASIC,RR,32.0,199,22.360679774997898
S3_T1_2@18,RR_R2LONG_1,184,0.2391304347826087,0.9293478260869565,191.049731745428,2.9943515963422045,4.657021372371827,0.03619909502262444,221.0,4.042042798123569,2.565473444285438,REMISSION2_LONG,RR,48.0,184,191.049731745428
S3_T2_0@1,RR_R2LONG_1,313,0.009584664536741214,0.9648562300319489,85.44003745317531,3.266667630507654,5.554552497056779,0.06422018348623854,327.0,3.1569961290269077,3.359205992839487,REMISSION2_LONG,RR,48.0,313,85.44003745317531
S3_T2_0@17,RR_R2LONG_1,390,0.007692307692307693,0.882051282051282,63.63839778884804,1.6272763511562403,4.661268297524387,0.07425742574257425,202.0,1.2000060842570042,3.5628128147643716,REMISSION2_LONG,RR,48.0,390,63.63839778884804
S3_T2_0@21,RR_R2LONG_1,163,0.0,0.9631901840490797,98.99494936611666,0.6175307312466999,3.3438278460929185,0.04878048780487805,123.0,0.508469272955197,2.976209238400514,REMISSION2_LONG,RR,48.0,163,98.99494936611666
S3_T2_0@6,RR_R2LONG_1,229,0.0,0.9388646288209607,50.0,2.1123198166430486,6.164936063204401,0.007194244604316547,139.0,0.6483701387623282,0.5107379379426676,REMISSION2_LONG,RR,48.0,229,50.0
S3_T2_0@8,RR_R2LONG_1,139,0.0,0.9784172661870504,64.03124237432849,0.418893504997363,5.42707476080995,0.043478260869565216,69.0,-0.8380541832676858,2.817112069909109,REMISSION2_LONG,RR,48.0,139,64.03124237432849
S3_T2_1@1,RR_MP_3,197,0.2893401015228426,0.9847715736040609,22.360679774997898,1.3182508530672428,9.338007522803816,0.0851063829787234,47.0,-1.233358915393016,3.209624877067504,MONOPHASIC,RR,32.0,197,22.360679774997898
S3_T2_1@11,RR_MP_3,193,0.23316062176165803,0.9740932642487047,36.05551275463989,0.45573522402841005,5.145011150420817,0.029411764705882353,68.0,-0.5758523917570688,1.738151432158946,MONOPHASIC,RR,32.0,193,36.05551275463989
S3_T2_1@28,RR_MP_3,350,0.10571428571428572,0.9257142857142857,56.568542494923804,5.578524911562172,4.684236710200979,0.0,50.0,-4.722670052887336,-2.235081658278269,MONOPHASIC,RR,32.0,350,56.568542494923804
S3_T2_2@1,RR_MP_3,145,0.10344827586206896,0.9448275862068966,50.0,-0.12896621910611736,-0.10840733712267946,0.030303030303030304,66.0,0.01115803219648219,1.7785159451224537,MONOPHASIC,RR,32.0,145,50.0
S3_T2_2@33,RR_MP_3,845,0.6307692307692307,0.9905325443786982,116.61903789690601,0.9995787284597597,4.708999362145959,0.07777777777777778,180.0,-3.4750266835792583,3.0828333741024703,MONOPHASIC,RR,32.0,845,116.61903789690601
S3_T2_2@4,RR_MP_3,109,0.045871559633027525,1.0,14.142135623730951,3.3809970487681715,5.123937909503704,0.06451612903225806,31.0,-1.8486521035628738,2.8205506487029646,MONOPHASIC,RR,32.0,109,14.142135623730951
S4_B1_0@1,RR_P1_3,6986,0.5581162324649298,0.9705124534783853,164.92422502470643,0.7879969138150904,1.63140167171675,0.0379746835443038,79.0,-1.2305952385849124,-2.425606811937655,PEAK1,RR,18.0,6986,164.92422502470643
S4_B1_1@1,RR_MP_4,436,0.06192660550458716,0.9220183486238532,36.05551275463989,4.341239735825838,5.033700239655284,0.03526448362720403,397.0,-2.5883684715685673,1.6611422780078577,MONOPHASIC,RR,33.0,436,36.05551275463989
S4_B1_1@13,RR_MP_4,702,0.21225071225071226,0.9857549857549858,44.721359549995796,0.923162949808567,4.356842419978941,0.03980099502487562,201.0,-1.1503977784290402,1.8268782940107302,MONOPHASIC,RR,33.0,702,44.721359549995796
S4_B1_1@2,RR_MP_4,204,0.014705882352941176,0.9509803921568627,63.63839778884804,4.498899184653163,6.053037331849889,0.05128205128205128,273.0,1.4573467273741896,2.176990634745105,MONOPHASIC,RR,33.0,204,63.63839778884804
S4_B1_1@24,RR_MP_4,922,0.7234273318872018,0.9869848156182213,41.23105625617661,1.8855962872398695,4.586865607677606,0.07692307692307693,117.0,-3.634200416588372,2.743788212169103,MONOPHASIC,RR,33.0,922,41.23105625617661
S4_B1_2@1,RR_MP_4,340,0.42058823529411765,0.9882352941176471,47.3606797749979,1.5384446205818159,3.2095862841664253,0.05714285714285714,175.0,0.7237678771283906,2.3275449501448624,MONOPHASIC,RR,33.0,340,47.3606797749979
S4_B1_2@10,RR_MP_4,248,0.0,0.9556451612903226,517.0583375072872,-0.1643126090993774,-0.4716598642576078,0.016483516483516484,182.0,0.045773171250817896,0.6495802647595891,MONOPHASIC,RR,33.0,248,517.0583375072872
S4_B1_2@11,RR_MP_4,860,0.5930232558139535,0.9825581395348837,130.0,1.1484100142103826,5.969291055179687,0.03529411764705882,170.0,-2.03280958287656,1.6622891035922092,MONOPHASIC,RR,33.0,860,130.0
S4_B1_2@3,RR_MP_4,568,0.29401408450704225,0.971830985915493,40.0,0.7181386104466736,2.8281005197494635,0.05673758865248227,282.0,-0.4788676717118629,2.317625049674226,MONOPHASIC,RR,33.0,568,40.0
S4_B1_2@30,RR_MP_4,125,0.176,0.936,22.360679774997898,3.588881971826714,6.229999108194947,0.0,102.0,-4.100312766771502,-2.5585870852968586,MONOPHASIC,RR,33.0,125,22.360679774997898
S4_B1_2@34,RR_MP_4,735,0.5591836734693878,0.9891156462585035,36.05551275463989,0.7483817347158686,3.1613417361183718,0.0423728813559322,118.0,-1.0971617173228794,1.9130192472865406,MONOPHASIC,RR,33.0,735,36.05551275463989
S4_B1_2@39,RR_MP_4,144,0.0,0.9444444444444444,266.63290800280345,-0.15758325042126603,-0.46583240043664853,0.011834319526627219,169.0,0.0321645022311612,0.23159269295261328,MONOPHASIC,RR,33.0,144,266.63290800280345
S4_B2_0@1,RR_P3_3,3457,0.24356378362742262,0.9754122071159965,60.0,0.35095265397672193,1.0723291105473205,0.02830188679245283,954.0,-1.0981128786301928,-0.7069987184630637,PEAK3,RR,38.0,3457,60.0
S4_B2_0@2,RR_P3_3,103,0.10679611650485436,0.9514563106796117,20.0,1.8253665491554496,1.8409945086841337,0.0,89.0,-5.528121160592162,-4.628334441417179,PEAK3,RR,38.0,103,20.0
S4_B2_0@3,RR_P3_3,1489,0.28542646071188715,0.9583613163196776,370.1351104664349,-0.15171317437289206,-0.07309617923939153,0.009876543209876543,810.0,-0.023016664464534625,-2.058291360531762,PEAK3,RR,38.0,1489,370.1351104664349
S4_B2_0@4,RR_P3_3,284,0.0,0.9436619718309859,510.9794422725088,-0.19255417415483128,-0.49211239333330015,0.0,183.0,0.019873664740743646,-4.628334441417179,PEAK3,RR,38.0,284,510.9794422725088
S4_B2_1@3,RR_MP_4,7704,0.3199636552440291,0.8280114226375909,202.23748416156684,3.7809996890345348,4.685767901551966,0.12313432835820895,268.0,-2.986531694992671,3.408746725782819,MONOPHASIC,RR,33.0,7704,202.23748416156684
S4_B3_0@5,RR_P3_3,11461,0.5639123985690603,0.9560247796876363,126.49110640673518,4.263250026180214,3.5801511476090684,0.10638297872340426,47.0,-3.5694883053398274,1.1316599511793781,PEAK3,RR,38.0,11461,126.49110640673518
S4_B3_1@59,RR_P1_3,1045,0.5043062200956938,0.9846889952153111,82.46211251235322,-0.18650994409831756,-0.5349956306371378,0.0,181.0,0.02377251435594835,-6.746621519620789,PEAK1,RR,18.0,1045,82.46211251235322
S4_B3_1@8,RR_P1_3,4766,0.4840537138061267,0.9827947964750314,84.85281374238569,-0.1915153976191551,-0.5043600952829163,0.022819885900570498,1227.0,-0.008422729138493651,-3.1131969414593343,PEAK1,RR,18.0,4766,84.85281374238569
S4_B3_2@4,RR_P3_3,8358,0.5667623833452979,0.9478344101459679,136.01470508735443,2.403571140694756,3.006964860186999,0.020618556701030927,97.0,-3.6260654805604773,-1.128899473201114,PEAK3,RR,38.0,8358,136.01470508735443
S4_T1_0@1,RR_P2_3,6897,0.6137451065680731,0.9604175728577642,162.78820596099706,3.564347794143359,5.339539061288745,0.025673940949935817,779.0,-2.0754558570834436,0.9324752075340791,PEAK2,RR,33.0,6897,162.78820596099706
S4_T2_0@1,RR_R1_3,1845,0.3284552845528455,0.9544715447154472,218.40329667841556,0.05407871127849788,0.7506727194523674,0.02040816326530612,735.0,-0.8517497638515044,0.06014562440593273,REMISSION1,RR,21.0,1845,218.40329667841556
S4_T2_0@10,RR_R1_3,904,0.21349557522123894,0.9369469026548672,116.61903789690601,-0.10275816557890274,-0.2323719466698247,0.05013192612137203,379.0,0.10437200036850633,1.2782883886613547,REMISSION1,RR,21.0,904,116.61903789690601
S4_T2_0@31,RR_R1_3,460,0.2673913043478261,0.9760869565217392,76.4005494464026,0.0021468688928047482,0.03923140474655704,0.028169014084507043,71.0,0.006808274418670747,0.48918877476151645,REMISSION1,RR,21.0,460,76.4005494464026
S4_T2_0@7,RR_R1_3,293,0.5494880546075085,0.9658703071672355,50.0,1.288707434957665,2.531478057675141,0.005681818181818182,176.0,-0.12647843240216838,-1.4843590528391701,REMISSION1,RR,21.0,293,50.0
S4_T2_0@8,RR_R1_3,144,0.0,0.9583333333333334,406.07881008493905,-0.12410650312214488,-0.0078097118218528406,0.0,159.0,0.04714611610217201,-3.4258068704840574,REMISSION1,RR,21.0,144,406.07881008493905
S4_T2_2@1,RR_P2_3,7404,0.6431658562938952,0.9796056185845489,111.80339887498948,3.0445836732718474,5.022881821199408,0.06716417910447761,268.0,-1.3897838505408455,2.2539721432794773,PEAK2,RR,33.0,7404,111.80339887498948
S4_T3_0@4,RR_R1_3,3810,0.16482939632545932,0.837007874015748,127.27922061357856,0.1201519419990767,-0.11001424728079212,0.02254791431792559,887.0,0.10559359792107798,0.19172167741536908,REMISSION1,RR,21.0,3810,127.27922061357856
S4_T3_0@9,RR_R1_3,137,0.30656934306569344,0.9927007299270073,44.721359549995796,-0.10578043408660212,1.1905017116207344,0.125,64.0,0.16873163155258752,2.5628778162881085,REMISSION1,RR,21.0,137,44.721359549995796
S4_T3_1@11,RR_P2_3,129,0.0,0.9534883720930233,401.9950248448356,-0.19942028425753427,-0.2458784960647198,0.014492753623188406,138.0,0.1171185807362719,0.18577939040084082,PEAK2,RR,33.0,129,401.9950248448356
S4_T3_1@2,RR_P2_3,5371,0.5216905604170545,0.9653695773598957,143.17821063276352,0.3746805406086581,0.8058338491804214,0.02274641954507161,1187.0,-0.35890258387719864,0.7711669025989543,PEAK2,RR,33.0,5371,143.17821063276352
S4_T3_1@29,RR_P2_3,150,0.04666666666666667,0.88,25.3224755112299,1.860668837627764,3.285955931315371,0.012658227848101266,158.0,3.818771103155431,0.0156577946845614,PEAK2,RR,33.0,150,25.3224755112299
S4_T3_1@33,RR_P2_3,285,0.1824561403508772,0.9228070175438596,40.0,4.202766600456211,1.6300124732832564,0.05555555555555555,216.0,-2.4045822197873505,1.9889022911166694,PEAK2,RR,33.0,285,40.0
S4_T3_2@1,RR_R1_3,3401,0.14907380182299323,0.7244927962364011,171.17242768623692,0.2105193066589513,0.8318570379048409,0.017333333333333333,750.0,0.40116525686574545,-0.15278837607764134,REMISSION1,RR,21.0,3401,171.17242768623692
S4_T3_2@4,RR_R1_3,655,0.19541984732824427,0.9740458015267176,50.0,0.0780261010627584,1.8244006726128632,0.007633587786259542,131.0,-0.0388936025713722,-1.1577336770389584,REMISSION1,RR,21.0,655,50.0
S5_B1_0@1,RR_R1_4,5781,0.305137519460301,0.9344404082338695,60.82762530298219,0.1973986986903965,0.5934061665208068,0.016487455197132617,1395.0,-0.4848869689884819,0.9209318965387315,REMISSION1,RR,22.0,5781,60.82762530298219
S5_B1_1@1,RR_P2_4,1399,0.6426018584703359,0.9885632594710507,101.9803902718557,0.13122195249830873,1.5996496161024418,0.016,125.0,-0.06209383077546204,-3.5034028710815384,PEAK2,RR,32.0,1399,101.9803902718557
S5_B1_1@7,RR_P2_4,7227,0.5235920852359208,0.9815967898159679,110.45361017187261,-0.08585969884505582,-0.2510302289510978,0.013513513513513514,1036.0,-0.22876734960601836,-3.7178743114771127,PEAK2,RR,32.0,7227,110.45361017187261
S5_B1_2@1,RR_R2_4,2498,0.06645316253002402,0.9739791833466773,80.62257748298549,1.198979363011144,3.433638783916216,0.04129263913824058,557.0,-1.7040569444972626,2.438690752367819,REMISSION2,RR,47.0,2498,80.62257748298549
S5_B1_2@6,RR_R2_4,153,0.0,0.9738562091503268,192.09372712298546,0.30250988315542526,2.103603534112972,0.0189873417721519,158.0,-0.7229290160600162,1.3940884502465964,REMISSION2,RR,47.0,153,192.09372712298546
S5_B2_0@15,RR_R2_4,3219,0.05964585274930102,0.9648959304131718,84.85281374238569,1.4413237585926988,4.638601952183315,0.045501551189245086,967.0,-1.2168133445431657,2.572543628027132,REMISSION2,RR,47.0,3219,84.85281374238569
S5_B2_0@16,RR_R2_4,1135,0.1092511013215859,0.9647577092511013,150.0,0.11912056199136646,-0.052083453719463046,0.047619047619047616,357.0,-0.5823440809683755,2.635463046427697,REMISSION2,RR,47.0,1135,150.0
S5_B2_0@6,RR_R2_4,545,0.009174311926605505,0.9376146788990826,41.23105625617661,1.6109340510847436,2.045736325750573,0.06722689075630252,238.0,0.436788439050674,3.1159015544882624,REMISSION2,RR,47.0,545,41.23105625617661
S5_B2_1@1,RR_R1_4,2545,0.4931237721021611,0.9744597249508841,72.11102550927978,0.2897141423631099,0.8392046675727292,0.021341463414634148,328.0,-0.6664086855701915,1.2572802604466469,REMISSION1,RR,22.0,2545,72.11102550927978
S5_B2_1@16,RR_R1_4,1833,0.46590289143480634,0.9481723949809057,86.02325267042627,0.10924201005906951,0.6373639279730561,0.039735099337748346,302.0,-0.5396871398392034,2.095646450271166,REMISSION1,RR,22.0,1833,86.02325267042627
S5_B2_1@7,RR_R1_4,309,0.3074433656957929,0.9579288025889967,134.53624047073708,0.06688945112397786,-0.04676600046111275,0.04979253112033195,241.0,0.06969353432369274,2.4071293107029494,REMISSION1,RR,22.0,309,134.53624047073708
S5_B2_2@5,RR_P2_4,15797,0.7260872317528645,0.9865164271697158,138.92443989449805,2.137989246213902,3.22157312288272,0.17567567567567569,74.0,-4.152838852385426,-0.20022549707249032,PEAK2,RR,32.0,15797,138.92443989449805
S5_B3_0@4,RR_P2_4,13467,0.6637706987450805,0.9686641419766837,176.91806012954132,1.0232607524311408,2.303152875233631,0.128,125.0,-1.907516454538259,-0.6509600594953963,PEAK2,RR,32.0,13467,176.91806012954132
S5_B3_1@1,RR_R2_4,769,0.05201560468140442,0.9453836150845254,60.0,0.4732147234315206,3.0457264406576683,0.021505376344086023,279.0,-0.6803687368195898,1.5575597814918225,REMISSION2,RR,47.0,769,60.0
S5_B3_1@15,RR_R2_4,312,0.035256410256410256,0.8974358974358975,30.811388300841898,4.624848942840077,8.374104721308075,0.015151515151515152,132.0,-1.7206494988654515,1.1029050304013783,REMISSION2,RR,47.0,312,30.811388300841898
S5_B3_1@18,RR_R2_4,237,0.16033755274261605,0.9915611814345991,41.23105625617661,-0.11959188462241672,2.523634097698279,0.024096385542168676,83.0,-0.8540308602458873,1.7084190031893518,REMISSION2,RR,47.0,237,41.23105625617661
S5_B3_1@26,RR_R2_4,191,0.05759162303664921,0.8743455497382199,30.0,4.704131225796326,5.881344482044991,0.04132231404958678,121.0,-5.929538599944318,2.439679307981772,REMISSION2,RR,47.0,191,30.0
S5_B3_2@17,RR_R1_4,372,0.42473118279569894,0.9838709677419355,68.54101966249685,0.7220470058250194,5.730661451667787,0.07407407407407407,81.0,-0.3469893983341722,2.961790114733432,REMISSION1,RR,22.0,372,68.54101966249685
S5_B3_2@31,RR_R1_4,106,0.0,0.9716981132075472,90.55385138137417,0.102966407570068,1.415593405717857,0.08333333333333333,72.0,-0.1566042019682135,3.127494649857549,REMISSION1,RR,22.0,106,90.55385138137417
S5_B3_2@45,RR_R1_4,288,0.08680555555555555,0.9166666666666666,279.01369715571707,-0.11213832099750305,0.5721429591762421,0.022222222222222223,180.0,-0.04484099738575836,1.3107164739133192,REMISSION1,RR,22.0,288,279.01369715571707
S5_B3_2@5,RR_R1_4,848,0.27712264150943394,0.9375,125.29964086141668,-0.10468784908864431,0.13589977270350403,0.02997275204359673,367.0,0.010262117460420384,1.7112281744068574,REMISSION1,RR,22.0,848,125.29964086141668
S5_B3_2@62,RR_R1_4,235,0.2,0.9404255319148936,20.0,1.029719456389274,2.5593687295407634,0.06944444444444445,72.0,-0.22541025216255428,2.8712070764643403,REMISSION1,RR,22.0,235,20.0
S5_B3_2@80,RR_R1_4,174,0.23563218390804597,0.9770114942528736,53.85164807134504,0.1312866409487531,0.9127659369478028,0.011111111111111112,90.0,-1.4246092324515103,0.42517519849823415,REMISSION1,RR,22.0,174,53.85164807134504
S5_B3_2@82,RR_R1_4,583,0.26758147512864494,0.9365351629502573,31.622776601683796,0.5952764215272949,3.3112764820512277,0.05917159763313609,169.0,-0.5384191345416491,2.6472472012426254,REMISSION1,RR,22.0,583,31.622776601683796
S5_T1_0@10,RR_R2_3,224,0.0,0.96875,68.54101966249685,0.5044370007223479,0.5895318450377928,0.04864864864864865,185.0,3.357322396790559,2.5373566520487043,REMISSION2,RR,42.0,224,68.54101966249685
S5_T1_0@11,RR_R2_3,111,0.02702702702702703,0.9819819819819819,353.5533905932738,0.6832458511973925,0.4593869226527299,0.03389830508474576,118.0,2.036577380657659,2.0407486046489622,REMISSION2,RR,42.0,111,353.5533905932738
S5_T1_0@22,RR_R2_3,401,0.1371571072319202,0.9850374064837906,50.0,0.6759602300316105,1.6459284322203938,0.04411764705882353,136.0,-2.975363040780813,2.402151782883336,REMISSION2,RR,42.0,401,50.0
S5_T1_0@25,RR_R2_3,408,0.13725490196078433,0.9730392156862745,98.99494936611666,0.873593021520889,1.2480361992878999,0.03910614525139665,179.0,2.7080369468010144,2.236186963727185,REMISSION2,RR,42.0,408,98.99494936611666
S5_T1_0@31,RR_R2_3,199,0.0,0.964824120603015,70.71067811865476,0.44835925764752294,1.1897582704147736,0.031914893617021274,94.0,-2.7355901829212264,1.9587518423313013,REMISSION2,RR,42.0,199,70.71067811865476
S5_T1_0@7,RR_R2_3,117,0.1111111111111111,0.9145299145299145,36.05551275463989,6.271216336240201,5.468569639658292,0.045,200.0,0.43076300345379614,2.429493631696104,REMISSION2,RR,42.0,117,36.05551275463989
S5_T1_1@5,RR_P1_5,10831,0.5998522758748038,0.9870741390453328,150.0,0.14882816280861033,0.8292521467241589,0.22807017543859648,57.0,-0.2706832136857049,0.5302971816306807,PEAK1,RR,14.0,10831,150.0
S5_T1_2@2,RR_P1_5,15568,0.6431783144912642,0.99094295991778,151.32745950421557,0.92583306188233,1.5933466116467019,0.27380952380952384,84.0,-0.5726194033775546,0.79189548057584,PEAK1,RR,14.0,15568,151.32745950421557
S5_T2_0@1,RR_P3_5,567,0.001763668430335097,0.9664902998236331,94.33981132056603,0.6746827713288599,3.177107478159364,0.04782608695652174,230.0,1.119683330139301,2.792938894491436,PEAK3,RR,49.0,567,94.33981132056603
S5_T2_0@10,RR_P3_5,861,0.0975609756097561,0.9372822299651568,53.85164807134504,-0.09780468147849426,1.6858756084091724,0.04262295081967213,305.0,-0.8841446744891177,2.6338235357326525,PEAK3,RR,49.0,861,53.85164807134504
S5_T2_0@16,RR_P3_5,1181,0.23962743437764605,0.9839119390347163,107.70329614269008,0.30943967796038047,0.8893981645879298,0.014018691588785047,428.0,-0.6853766588328646,1.155793929502897,PEAK3,RR,49.0,1181,107.70329614269008
S5_T2_0@3,RR_P3_5,618,0.10032362459546926,0.9368932038834952,60.4138126514911,1.050177856119877,3.388044033965908,0.024539877300613498,163.0,-2.3358308945841824,1.8841993175224452,PEAK3,RR,49.0,618,60.4138126514911
S5_T2_0@7,RR_P3_5,219,0.0,0.9497716894977168,435.6604182158393,0.6670700098727638,0.7310571619224571,0.006993006993006993,143.0,0.867957377924064,0.32291311234110215,PEAK3,RR,49.0,219,435.6604182158393
S5_T2_1@3,RR_P1_5,5787,0.5628132020044928,0.9908415413858649,106.3014581273465,0.17394956532700726,1.6274111613860394,0.1891891891891892,37.0,-0.48684319191109865,0.26322415434336377,PEAK1,RR,14.0,5787,106.3014581273465
S5_T2_2@1,RR_R2_3,166,0.0,0.9578313253012049,20.0,-0.4379157716354354,7.522229542150501,0.0,98.0,-6.379201370769115,-2.125095219981533,REMISSION2,RR,42.0,166,20.0
S5_T2_2@16,RR_R2_3,198,0.0,0.8535353535353535,22.360679774997898,2.9237479194762774,2.4836450851599667,0.023255813953488372,86.0,0.17318035749646565,1.5334484131207304,REMISSION2,RR,42.0,198,22.360679774997898
S5_T2_2@18,RR_R2_3,371,0.008086253369272238,0.9407008086253369,20.0,2.614307104419469,7.655936443558289,0.027777777777777776,180.0,-8.091763058286432,1.771068969033927,REMISSION2,RR,42.0,371,20.0
S5_T2_2@26,RR_R2_3,178,0.0,0.9382022471910112,28.284271247461902,0.8847648235560667,6.990635031578235,0.02702702702702703,74.0,-7.768020579093488,1.7342296923749299,REMISSION2,RR,42.0,178,28.284271247461902
S5_T3_0@11,RR_P3_5,120,0.0,0.9333333333333333,417.2529209005013,-0.06373899305546019,0.01022718920691542,0.0,146.0,0.13703145822267665,-1.845890478208456,PEAK3,RR,49.0,120,417.2529209005013
S5_T3_0@12,RR_P3_5,110,0.01818181818181818,0.9545454545454546,28.284271247461902,-0.3138492631549028,-0.25854866592114967,0.007246376811594203,138.0,0.5193039987545311,0.3629976787782443,PEAK3,RR,49.0,110,28.284271247461902
S5_T3_0@2,RR_P3_5,3622,0.04417448923246825,0.9765323025952513,70.0,0.6609575294459642,1.8382995153366475,0.012285012285012284,407.0,-1.3705027839117192,0.9905398936615342,PEAK3,RR,49.0,3622,70.0
S5_T3_0@7,RR_P3_5,251,0.0199203187250996,0.9681274900398407,31.622776601683796,0.2849194831483059,3.3098930952523093,0.08108108108108109,148.0,0.35216012991011425,3.5305576058533656,PEAK3,RR,49.0,251,31.622776601683796
S5_T3_1@1,RR_R2_3,160,0.1125,0.94375,121.94912925524228,0.16324564067899455,1.7389771035341544,0.05128205128205128,117.0,-1.03403883441183,2.6104825000604306,REMISSION2,RR,42.0,160,121.94912925524228
S5_T3_1@2,RR_R2_3,1213,0.07007419620774938,0.9241549876339654,141.4213562373095,0.278866984529639,0.1781602385718323,0.04723502304147465,868.0,-0.022677995265611817,2.4965178082090973,REMISSION2,RR,42.0,1213,141.4213562373095
S5_T3_1@21,RR_R2_3,158,0.0189873417721519,0.9556962025316456,72.11102550927978,0.5704347676612714,1.5178959148576285,0.06470588235294118,170.0,-0.18414728356295684,2.9346468637103564,REMISSION2,RR,42.0,158,72.11102550927978
S5_T3_1@30,RR_R2_3,176,0.0,0.9488636363636364,42.426406871192846,0.5238308748712558,2.862371236864471,0.05945945945945946,185.0,-1.3005418762819296,2.816467953281765,REMISSION2,RR,42.0,176,42.426406871192846
S5_T3_2@14,RR_P3_5,2102,0.05090390104662226,0.9386298763082779,106.3014581273465,1.5893528774048389,4.042423450597497,0.043243243243243246,370.0,-1.4829381709248648,2.653739968712938,PEAK3,RR,49.0,2102,106.3014581273465
S5_T3_2@3,RR_P3_5,352,0.06534090909090909,0.9318181818181818,70.0,0.8078731213409407,1.9059099713120038,0.045454545454545456,220.0,-1.101182786482435,2.7225838997241314,PEAK3,RR,49.0,352,70.0
S5_T3_2@5,RR_P3_5,536,0.04291044776119403,0.9720149253731343,63.24555320336759,0.47430309668610104,2.906413926919735,0.02631578947368421,228.0,-0.8040019696369741,1.9776443709045828,PEAK3,RR,49.0,536,63.24555320336759
S6_T1_0@10,RR_R1_6,140,0.0,0.9857142857142858,220.2271554554524,0.0516101830606505,2.7246342542232895,0.10869565217391304,92.0,0.4661718568327222,3.233398243693073,REMISSION1,RR,22.0,140,220.2271554554524
S6_T1_0@11,RR_R1_6,627,0.5996810207336523,0.9808612440191388,592.0304046246274,-0.13914883479400375,0.5353919356945472,0.036885245901639344,244.0,-0.1190347063152766,1.7240944528318458,REMISSION1,RR,22.0,627,592.0304046246274
S6_T1_0@15,RR_R1_6,154,0.0,0.9415584415584416,423.08226545325414,0.005900116364692351,-0.0594773960759905,0.009900990099009901,101.0,0.06101550974153917,0.015953193808119125,REMISSION1,RR,22.0,154,423.08226545325414
S6_T1_0@17,RR_R1_6,182,0.08241758241758242,0.9835164835164835,20.0,-0.21380091114109745,4.1643967964033966,0.017857142857142856,56.0,-3.7101372053436665,0.7545296465146317,REMISSION1,RR,22.0,182,20.0
S6_T1_0@18,RR_R1_6,741,0.001349527665317139,0.9554655870445344,247.58836806279896,-0.012037349568862713,0.010668406271814038,0.012437810945273632,402.0,0.033806743757844565,0.2947236087365441,REMISSION1,RR,22.0,741,247.58836806279896
S6_T1_0@27,RR_R1_6,211,0.014218009478672985,0.9146919431279621,28.284271247461902,0.4550114767645534,2.3706904008858274,0.072,125.0,-1.184252101531595,2.652396861477678,REMISSION1,RR,22.0,211,28.284271247461902
S6_T1_0@3,RR_R1_6,100,0.0,0.98,22.360679774997898,1.417306262364792,3.822956697296249,0.08064516129032258,62.0,-1.8778286895189713,2.8118019458034995,REMISSION1,RR,22.0,100,22.360679774997898
S6_T1_0@4,RR_R1_6,200,0.465,0.99,22.360679774997898,0.5674968543952067,3.372234839955359,0.015873015873015872,63.0,-0.7663426011806946,0.6026546844290415,REMISSION1,RR,22.0,200,22.360679774997898
S6_T1_1@11,RR_R1_6,567,0.21869488536155202,0.9647266313932981,36.05551275463989,-0.12480378900071686,2.1352491857968525,0.05185185185185185,270.0,-0.3569335289385449,2.1938675476048544,REMISSION1,RR,22.0,567,36.05551275463989
S6_T1_1@16,RR_R1_6,4079,0.3437116940426575,0.9200784506006374,130.384048104053,0.051010272159966945,0.7052385962809642,0.0421455938697318,783.0,-0.09141782953921757,1.9071410417580736,REMISSION1,RR,22.0,4079,130.384048104053
S6_T1_1@25,RR_R1_6,103,0.0,0.8640776699029126,487.64741360946437,-0.01953326756004627,-0.05787760880489469,0.008849557522123894,113.0,-0.004988262780093886,-0.11749220287567794,REMISSION1,RR,22.0,103,487.64741360946437
S6_T1_1@4,RR_R1_6,195,0.07692307692307693,0.9333333333333333,63.24555320336759,-0.11805152586252747,0.34418010029986695,0.06282722513089005,191.0,-0.04246720477744013,2.461471411756142,REMISSION1,RR,22.0,195,63.24555320336759
S6_T1_2@10,RR_R2_5,578,0.16782006920415224,0.9740484429065744,56.568542494923804,-0.03310141308309167,1.5649057541896068,0.07643312101910828,157.0,-0.8745629969583228,2.86227599738215,REMISSION2,RR,44.0,578,56.568542494923804
S6_T1_2@16,RR_R2_5,234,0.02564102564102564,0.9487179487179487,79.05124837953326,0.09355837713632557,0.9683021088230506,0.05429864253393665,221.0,-0.6004994270549942,2.3839131245824974,REMISSION2,RR,44.0,234,79.05124837953326
S6_T1_2@5,RR_R2_5,177,0.0,0.9661016949152542,70.0,1.157745890542979,8.926882370493235,0.028846153846153848,104.0,-3.2529916297125503,1.515903601372518,REMISSION2,RR,44.0,177,70.0
S6_T2_0@19,RR_R2_5,215,0.04186046511627907,0.9348837209302325,20.0,-0.3061280744867991,3.284752687977508,0.029411764705882353,68.0,-2.8944744497737918,1.542117983495904,REMISSION2,RR,44.0,215,20.0
S6_T2_0@3,RR_R2_5,156,0.01282051282051282,0.967948717948718,63.24555320336759,-0.11921489512520812,3.7825152260652146,0.03937007874015748,127.0,0.0017678142935827219,1.9394006914201556,REMISSION2,RR,44.0,156,63.24555320336759
S6_T2_0@7,RR_R2_5,2365,0.05369978858350952,0.9484143763213531,90.55385138137417,0.406802944469337,2.4394129754579144,0.04194857916102842,739.0,-0.5678453334307633,2.026629512348337,REMISSION2,RR,44.0,2365,90.55385138137417
S6_T2_0@8,RR_R2_5,129,0.0,0.8837209302325582,78.10249675906654,1.418244611620998,-1.2993473188821514,0.07168458781362007,279.0,0.27674543434425325,2.772175878499903,REMISSION2,RR,44.0,129,78.10249675906654
S6_T2_0@9,RR_R2_5,302,0.039735099337748346,0.9536423841059603,60.0,0.2611867970476069,2.4396524694490873,0.03773584905660377,106.0,0.48045630067203404,1.8812541595212073,REMISSION2,RR,44.0,302,60.0
S6_T2_2@4,RR_P3_4,5164,0.3011231603408211,0.9465530596436871,156.5247584249853,0.08327575248410286,0.44316337997810273,0.04818435754189944,1432.0,-0.08115787087819361,2.0660998769559944,PEAK3,RR,49.0,5164,156.5247584249853
S6_T2_2@9,RR_P3_4,1702,0.4706227967097532,0.9676850763807285,311.1269837220809,-0.037001420504560116,0.23187101656814066,0.019002375296912115,421.0,0.11135430694011997,0.8094146315785705,PEAK3,RR,49.0,1702,311.1269837220809
S6_T3_0@1,RR_P3_4,2415,0.17556935817805383,0.9710144927536232,92.19544457292886,0.06236518046862916,2.28047025818329,0.04693140794223827,554.0,-0.6511459582243357,2.0296229257559526,PEAK3,RR,49.0,2415,92.19544457292886
S6_T3_0@13,RR_P3_4,1045,0.5875598086124402,0.9779904306220095,162.78820596099706,0.30656446342883037,1.7256619464898542,0.036885245901639344,244.0,-0.9915095875675517,1.6980849926740176,PEAK3,RR,49.0,1045,162.78820596099706
S6_T3_0@17,RR_P3_4,434,0.1774193548387097,0.9447004608294931,50.0,1.0718648900746843,4.0669918096448825,0.030508474576271188,295.0,-1.034904698499103,1.4396779913471898,PEAK3,RR,49.0,434,50.0
S6_T3_1@2,RR_R2_5,583,0.4065180102915952,0.9588336192109777,225.61028345356956,-0.0005585341944930049,0.7885601291464348,0.02531645569620253,316.0,-0.04859702893939746,1.3405832943696034,REMISSION2,RR,44.0,583,225.61028345356956
S6_T3_1@37,RR_R2_5,666,0.5405405405405406,0.9774774774774775,111.80339887498948,0.05000220665955095,4.91299311339227,0.026845637583892617,149.0,-1.5377068239151557,1.4191661400243114,REMISSION2,RR,44.0,666,111.80339887498948
S6_T3_1@41,RR_R2_5,384,0.09114583333333333,0.9505208333333334,58.309518948453004,-0.19320648402114193,6.872438659299817,0.006535947712418301,153.0,-0.6744213327515673,-0.3375637680875315,REMISSION2,RR,44.0,384,58.309518948453004
S6_T3_1@42,RR_R2_5,113,0.1592920353982301,0.9292035398230089,22.360679774997898,1.0502136692250565,6.76972749252921,0.11267605633802817,71.0,0.47808317830304636,3.410305279694018,REMISSION2,RR,44.0,113,22.360679774997898
S6_T3_2@15,RR_P3_4,387,0.14987080103359174,0.9741602067183462,22.360679774997898,-0.1775732774523002,8.709613290825756,0.05517241379310345,145.0,-1.8559222508949782,2.2541813320590784,PEAK3,RR,49.0,387,22.360679774997898
S6_T3_2@2,RR_P3_4,259,0.003861003861003861,0.9459459459459459,36.05551275463989,0.469500203654201,5.749871087480901,0.006211180124223602,161.0,-1.6384383794687372,-0.5454763809160252,PEAK3,RR,49.0,259,36.05551275463989
S6_T3_2@22,RR_P3_4,163,0.04294478527607362,0.9815950920245399,22.360679774997898,0.7226668519939272,7.555885832466306,0.07246376811594203,69.0,-2.638474129066463,2.635400753813548,PEAK3,RR,49.0,163,22.360679774997898
S6_T3_2@8,RR_P3_4,320,0.125,0.96875,30.0,-0.8680470157955784,4.137700649540057,0.019417475728155338,103.0,-1.509148527608863,0.8376505840990643,PEAK3,RR,49.0,320,30.0
