sample_name,border astro vimentin,border tissue vimentin,leakage,immune outside (0–50 µm),objects,stage,arm,day,score
C_L_1,4.8409235207631385,3.4450410853501032,-0.8015166014540515,0.045406860127845936,3.0,MILD30,chronic,43.0,1.0
C_L_2,5.006071345741609,4.043544412671181,-1.2121243946842242,0.03342425479229067,5.0,MILD30,chronic,45.0,1.0
C_L_3,4.504909152901451,3.811274070550389,-2.9168110862736856,0.050279904213150824,8.0,MILD30,chronic,45.0,1.0
C_L_4,6.15900877218226,2.4369045663017044,-1.430162632639371,0.029338211245825335,5.0,MILD30,chronic,50.0,1.0
C_L_5,7.718570943782387,7.884885368026548,-1.7117602332266217,0.0552969023372699,5.0,MILD30,chronic,46.0,1.0
C_M16_1,2.1566803829453907,0.8648138671882812,-1.1700015181167085,0.07762648637822156,4.0,MILD16,chronic,28.0,1.5
C_M16_2,2.645979742352818,0.9677004972768635,-1.5411311468221809,0.046216535635603205,12.0,MILD16,chronic,27.0,1.25
C_M16_3,12.002148193871742,1.128090643829396,-1.9865262271524997,0.039118445451243516,3.0,MILD16,chronic,27.0,1.25
C_OS1_1,0.33417012544677593,0.19750792612072943,-3.3470615584732433,0.056116145147434626,4.0,OS1,chronic,14.0,0.5
C_OS1_2,1.4594404925193851,0.8188883996425994,-2.8903153356429847,0.005045265937382121,2.0,OS1,chronic,12.0,0.5
C_OS1_3,-0.35789763745106434,0.010788996496241625,-4.41968323122244,0.017881525301782716,4.0,OS1,chronic,12.0,0.5
C_OS1_4,-0.34393025077100337,-0.11643293597173483,-4.529302829381347,0.012425205758857789,2.0,OS1,chronic,14.0,0.5
C_OS1_5,1.3389911582404543,0.20165866513209516,-0.9978967501990588,0.09723459818754751,3.0,OS1,chronic,10.0,0.25
C_P1_1,1.1031137913779938,0.2840221353037953,-4.169507403023935,0.02023270953770655,4.0,PEAK1,chronic,16.0,3.0
C_P1_2,3.5227172686687505,0.7563929169185075,-2.6733872974223876,0.05408989666146928,8.0,PEAK1,chronic,18.0,3.0
C_P1_3,2.474291799068396,0.08354168504957699,-3.5352891164942863,0.02478711242200549,8.0,PEAK1,chronic,18.0,3.0
C_P1_4,-0.01808579201599831,-0.05385518276121213,-3.568736337975146,0.032719836400818,1.0,PEAK1,chronic,13.0,2.5
C_P1_5,-0.3274939756842282,-0.007190276732873654,-3.624005959520589,0.03083398583848413,4.0,PEAK1,chronic,15.0,3.0
C_P1_6,0.06254628318430583,-0.09714782292559772,-4.115008296447371,0.021632937892533146,1.0,PEAK1,chronic,15.0,3.25
C_S16_1,0.6664533594762108,0.18424424614403143,-2.6170338638215638,0.04328204044459573,9.0,SEVERE16,chronic,29.0,2.5
C_S16_2,0.7582193446572741,-0.034633996273984176,-2.153579623991387,0.025862380465747358,8.0,SEVERE16,chronic,28.0,2.5
C_S16_3,1.3147304912076037,0.016812591299882888,-1.7413942557733735,0.05552164515035452,12.0,SEVERE16,chronic,28.0,2.5
C_S30_1,2.0391016942258924,1.541977224342531,-1.2051630580015724,0.04478244533344794,6.0,SEVERE30,chronic,41.0,2.5
C_S30_2,1.8966575666913534,0.4318414779951022,-1.5567254695551807,0.05560246420680923,7.0,SEVERE30,chronic,41.0,2.25
RR_MP_1,10.994271884361298,8.315008246460842,-2.300154416852243,0.03283739129876218,7.0,MONOPHASIC,RR,33.0,0.5
RR_MP_2,3.6581482913260555,2.492040279422727,-2.4733264714801604,0.048536325943209536,20.0,MONOPHASIC,RR,33.0,0.75
RR_MP_3,6.424263980741576,3.3347995878853944,-2.6316861420062563,0.05639122116096017,6.0,MONOPHASIC,RR,32.0,0.75
RR_MP_4,2.8765615886042246,0.9763404969814338,-2.2295126577237316,0.04924037626421428,11.0,MONOPHASIC,RR,33.0,0.5
RR_OS1_1,1.1525797943037848,0.6240276076962532,-3.2939760168096988,0.021882623687868967,8.0,ONSET1,RR,11.0,0.25
RR_OS2_1,-0.04517941586648816,0.3276077471937611,-2.6392744395166443,0.03896450826404249,7.0,ONSET2,RR,13.0,1.0
RR_OS2_2,-0.2306278882749787,0.14585787033584352,-4.325565845931653,0.01618522715428994,7.0,ONSET2,RR,13.0,1.0
RR_P1_1,0.02359757435600894,-0.16937034866899447,-4.2690835425304225,0.013904902774845835,3.0,PEAK1,RR,18.0,2.5
RR_P1_2,0.174722956705998,-0.08698506825233435,-3.8630515744078107,0.02912106245454522,5.0,PEAK1,RR,17.0,3.0
RR_P1_3,-0.39176932716152335,-0.18409886954678434,-3.9648097267289386,0.01958468484100597,4.0,PEAK1,RR,18.0,2.25
RR_P1_5,-0.014165440502157105,-0.17633451023823682,-4.488484631283211,0.018855111526985574,3.0,PEAK1,RR,14.0,3.25
RR_P2M_1,4.537063958919163,0.7686233978598357,-2.422088408293727,0.05296379315623459,18.0,PEAK2_MILD,RR,31.0,1.75
RR_P2M_2,3.134854780950449,0.48411493751332696,-2.491515472585274,0.034606726867522766,20.0,PEAK2_MILD,RR,31.0,2.25
RR_P2_3,2.574379407719266,0.5841683589336417,-2.873914736767669,0.03172435538882603,8.0,PEAK2,RR,33.0,2.75
RR_P2_4,-0.12842291811180181,0.005778944136498923,-3.586560184035591,0.03455851686565111,6.0,PEAK2,RR,32.0,3.0
RR_P3_1,0.8557335808887986,0.07578840403927421,-4.740177799604794,0.016046147030858285,13.0,PEAK3,RR,48.0,2.5
RR_P3_2,0.43594351383839747,0.15043707757055638,-3.6188524172951757,0.02244694588124452,4.0,PEAK3,RR,48.0,3.0
RR_P3_3,0.1262343747756165,-0.014127717731239118,-3.808650052372468,0.021661366360913467,9.0,PEAK3,RR,38.0,3.0
RR_P3_4,2.3307313344193603,0.6013832062063978,-2.0978113011275954,0.05271520295320085,15.0,PEAK3,RR,49.0,2.25
RR_P3_5,1.7850605935068509,1.3712219474263159,-1.6129994744230525,0.04487933313472829,13.0,PEAK3,RR,49.0,2.5
RR_R1_1,0.39608035272020253,-0.02895965390249897,-2.963558555315768,0.020955597365680017,9.0,REMISSION1,RR,20.0,0.5
RR_R1_2,0.9024865889793552,-0.01821147997033301,-4.7767443277870605,0.011077496990632594,6.0,REMISSION1,RR,25.0,0.75
RR_R1_3,1.53128503368813,0.8449022646194687,-2.3391418903713146,0.03593453267334643,18.0,REMISSION1,RR,21.0,0.5
RR_R1_4,1.371984064436871,0.2676368331487086,-2.598000336088414,0.04492405088016199,15.0,REMISSION1,RR,22.0,1.0
RR_R1_6,1.5195700609688774,-0.0245604731408227,-1.9579486144140146,0.055192383138478705,12.0,REMISSION1,RR,22.0,0.75
RR_R2LONG_1,5.214869772027869,4.2443419936691695,-1.4060472341382682,0.058088380321049335,5.0,REMISSION2_LONG,RR,48.0,0.75
RR_R2_3,2.2824359928793023,1.6402050446166223,-1.3942145727365312,0.04689894041512192,12.0,REMISSION2,RR,42.0,1.25
RR_R2_4,3.3204873353106885,2.2102614869242823,-1.0662796312197937,0.05384280813291941,16.0,REMISSION2,RR,47.0,1.25
RR_R2_5,3.4015650473369563,1.0125182623433715,-1.8364371672891393,0.04700853449427444,11.0,REMISSION2,RR,44.0,1.0
