border,outcome,adjusted,animals,median_rho,share_negative,wilcoxon_p
edge spike,escape,False,37,0.3,0.3783783783783784,0.007576397360542228
edge spike,escape,True,37,0.19999999999999998,0.24324324324324326,0.02897420611205911
edge spike,immune outside (0–50 µm),False,37,0.3,0.3783783783783784,0.007576397360542228
edge spike,immune outside (0–50 µm),True,37,0.19999999999999998,0.32432432432432434,0.05441024127155527
border tissue vimentin,escape,False,37,0.38616422286061647,0.21621621621621623,0.00018441381217091575
border tissue vimentin,escape,True,37,0.41958041958041964,0.1891891891891892,0.00027690244880437776
border tissue vimentin,immune outside (0–50 µm),False,37,0.38616422286061647,0.21621621621621623,0.00018441381217091575
border tissue vimentin,immune outside (0–50 µm),True,37,0.38095238095238104,0.21621621621621623,0.001005783737774205
border astro vimentin,escape,False,37,0.4523809523809524,0.13513513513513514,1.2138511569602441e-05
border astro vimentin,escape,True,37,0.3,0.1891891891891892,0.0056330162468046785
border astro vimentin,immune outside (0–50 µm),False,37,0.4523809523809524,0.13513513513513514,1.2138511569602441e-05
border astro vimentin,immune outside (0–50 µm),True,37,0.2447552447552448,0.24324324324324326,0.00359378636115125
