sample_name,course,n_active,old_share,adj_obs,adj_exp,median_dist_active_to_old,arm,stage,enrichment
C_P1_1,first attack,12050,0.018910107838064447,0.0387551867219917,0.3835878284923928,335.6279488677954,chronic,PEAK1,0.10103341097737745
C_P1_2,first attack,6897,0.03938202227135075,0.09627374220675657,0.5879899473200909,188.99260036030734,chronic,PEAK1,0.16373365334823814
C_P1_3,first attack,7111,0.05178297133442255,0.15989312333005204,0.6260441569399521,129.1259464622635,chronic,PEAK1,0.25540230917830997
C_P1_4,first attack,5052,0.03150063931186795,0.07403008709422011,0.649927421483241,221.23532319981118,chronic,PEAK1,0.11390516024892643
C_P1_5,first attack,8615,0.01228784271561324,0.026813697040046432,0.4129541497388276,357.88328863752747,chronic,PEAK1,0.0649314144366989
C_P1_6,first attack,8886,0.011518620592184298,0.04085077650236327,0.4217383149523596,257.42530101453144,chronic,PEAK1,0.09686285322920649
RR_P1_1,first attack,14982,0.007657705895889345,0.05933787211320251,0.22010634984203264,276.5963868572121,RR,PEAK1,0.26958727976629704
RR_P1_2,first attack,19369,0.005684954708725581,0.03190665496411792,0.17220816769063968,271.9476342075781,RR,PEAK1,0.1852795682806176
RR_P1_3,first attack,11611,0.022629868243972985,0.08638360175695461,0.4327591651594752,209.13146859273184,RR,PEAK1,0.19961125889759393
RR_P1_5,first attack,19933,0.01452508189538849,0.040084282345858625,0.3856770180103346,318.10493187603015,RR,PEAK1,0.10393225542099718
RR_P2M_1,relapse,5024,0.15542192309954644,0.6154458598726115,0.9279259554140127,41.06148442363642,RR,PEAK2_MILD,0.6632488899375791
RR_P2M_2,relapse,4564,0.1592403971459853,0.602760736196319,0.9381682734443471,44.237126734514575,RR,PEAK2_MILD,0.6424868046148815
RR_P2_3,relapse,11913,0.0648648942062698,0.2297490136825317,0.7010073029463612,139.42004240324746,RR,PEAK2,0.3277412556429692
RR_P2_4,relapse,25121,0.028437979763617467,0.11448588830062498,0.597883576821517,153.15687958203256,RR,PEAK2,0.19148525354929063
RR_P3_1,relapse,9537,0.07596970743824984,0.22763971898919996,0.7917758903918073,107.39648371831896,RR,PEAK3,0.2875052420155826
RR_P3_2,relapse,25212,0.04466368159431202,0.19736633349198796,0.7414934687185996,111.87186986517956,RR,PEAK3,0.266174068711709
RR_P3_3,relapse,12657,0.07933846484653204,0.23425772299913092,0.8478338732190356,101.46541522052703,RR,PEAK3,0.27630144347701835
RR_P3_4,relapse,3587,0.22099116557129234,0.5542235851686647,0.957903540563145,45.50590584205982,RR,PEAK3,0.578579743888242
RR_P3_5,relapse,757,0.39830926045669024,0.76221928665786,0.9889476001761338,30.193229613310216,RR,PEAK3,0.7707377888596999
