sample_name,active,interface,neither,old,course,arm,stage
C_P1_1,4.782087914338099,4.008177511151908,2.4082413766242183,4.238587620708914,first attack,chronic,PEAK1
C_P1_2,10.156211748971893,11.336656932895043,0.864274411911353,7.5999564690651,first attack,chronic,PEAK1
C_P1_3,11.119335700535864,11.891642146611119,0.40622287446947997,8.764981630310176,first attack,chronic,PEAK1
C_P1_4,5.511065027459116,4.968282601243313,0.13722355830226565,0.9555200557812822,first attack,chronic,PEAK1
C_P1_5,1.5512758151964818,,-0.06291329730762764,1.9047390879058337,first attack,chronic,PEAK1
C_P1_6,8.040081837197592,14.695948482398093,0.13898803221105854,1.9030026102011381,first attack,chronic,PEAK1
RR_P1_1,1.3845819429770856,2.959904521074886,-0.24308341770106087,5.014673591955406,first attack,RR,PEAK1
RR_P1_2,2.481236296481889,1.8828247300062222,-0.32957421257466457,3.914314063218751,first attack,RR,PEAK1
RR_P1_3,0.6135987243120875,0.9538875625520717,-0.5815381274658886,0.3917232019937306,first attack,RR,PEAK1
RR_P1_5,0.3199021747620325,2.814531002135494,-0.33838498567306996,3.3299920645990397,first attack,RR,PEAK1
RR_P2M_1,4.821190245982821,6.258670370019231,0.6315421534008764,4.274120919964048,relapse,RR,PEAK2_MILD
RR_P2M_2,4.9689862838464744,6.229564715531495,-0.07039258306505868,4.040802215561801,relapse,RR,PEAK2_MILD
RR_P2_3,6.006759937032031,6.673290133254059,1.1976784785205112,3.9381627638852534,relapse,RR,PEAK2
RR_P2_4,2.21192039630071,1.405576715808327,-0.3218497936295991,1.2898667819392022,relapse,RR,PEAK2
RR_P3_1,3.7348972350659286,2.748662757942697,-0.2521327480734797,1.932542669348689,relapse,RR,PEAK3
RR_P3_2,0.5636663633806354,0.4056518922215395,-0.08489984973988539,0.32674793615207454,relapse,RR,PEAK3
RR_P3_3,1.678598661073378,1.7240999208988763,-0.3803975586209552,1.1232693783549927,relapse,RR,PEAK3
RR_P3_4,1.669573844638106,1.3720087449876588,0.3230726806730789,3.5386560016263617,relapse,RR,PEAK3
RR_P3_5,0.9182635301365545,1.5929833145853032,0.5631126020868602,1.874573163330651,relapse,RR,PEAK3
