sample_name,lesion_state,neuropil index,tissue vimentin (z),astro vimentin (z),myeloid 18S texture (z),n,group,stage,score,day
C_CFA_4,no lesion,1.0,-0.003979430726630255,-0.07066629154164676,-0.3640994564659781,5121,control,CFA,0.0,16.0
C_CFA_4,not scored,,3.9002656752431486,1.6051293982950876,-1.0419706113865799,564,control,CFA,0.0,16.0
C_CFA_6,S5: infiltration + microglia homeostasis loss,0.9724476505123585,-0.0579026221506589,3.3711230964263943,0.6413401009380828,58,control,CFA,0.0,17.0
C_CFA_6,no lesion,1.0,-0.025705267017506587,-0.057718696417252476,-0.7133264576347533,8482,control,CFA,0.0,17.0
C_CFA_6,not scored,,0.9794715260327335,0.20201553205766054,-1.2842890314895579,1444,control,CFA,0.0,17.0
C_M16_1,S0: astro reactivity + oligo disease state,0.9754774690869563,-0.018119628517131406,0.6202087340691949,0.028907087818821897,297,chronic late,MILD16,1.5,28.0
C_M16_1,S1: monocyte-derived myeloid + microglia homeostasis loss,1.538878305330237,0.7929008869600298,5.3738676855946945,-0.3498231647270056,69,chronic late,MILD16,1.5,28.0
C_M16_1,S2: fibrosis + myelinating oligo loss,1.4023442079986335,1.5460458917842779,1.058926872452916,0.1851095646535319,696,chronic late,MILD16,1.5,28.0
C_M16_1,S3: astro reactivity + MHC-II / IFN,0.8238980258434079,-0.01970582330259696,-0.03559644498377483,-0.2510305842437197,286,chronic late,MILD16,1.5,28.0
C_M16_1,S4: monocyte-derived myeloid + oligo disease state,0.75758286818066,0.2518133429839913,0.8052476782576052,0.02160059750855419,79,chronic late,MILD16,1.5,28.0
C_M16_1,S5: infiltration + microglia homeostasis loss,1.2826410324802624,0.27739191657717394,1.0470349684002975,0.281319829843658,517,chronic late,MILD16,1.5,28.0
C_M16_1,no lesion,1.0,-0.024289579853478648,-0.2920265800096544,-0.08844056927701258,4942,chronic late,MILD16,1.5,28.0
C_M16_1,not scored,,1.0592109683339894,0.15721938190741314,-0.4458380033987008,725,chronic late,MILD16,1.5,28.0
C_M16_2,S0: astro reactivity + oligo disease state,0.951495062668449,0.000605964573402145,0.9154380597539495,-0.14279853076299812,1840,chronic late,MILD16,1.25,27.0
C_M16_2,S1: monocyte-derived myeloid + microglia homeostasis loss,0.7252406118377235,1.8718282661076613,7.051501175356572,0.1199484722714169,358,chronic late,MILD16,1.25,27.0
C_M16_2,S2: fibrosis + myelinating oligo loss,0.9279612720329555,2.5762277765555934,4.459869963618296,0.22245231863711418,2267,chronic late,MILD16,1.25,27.0
C_M16_2,S3: astro reactivity + MHC-II / IFN,1.010985167512529,-0.06292664214036764,-0.2834456575858095,0.21534939733837777,660,chronic late,MILD16,1.25,27.0
C_M16_2,S4: monocyte-derived myeloid + oligo disease state,0.8993250197566669,1.3949186341438726,4.9855626330353875,0.16991864212474125,488,chronic late,MILD16,1.25,27.0
C_M16_2,S5: infiltration + microglia homeostasis loss,0.8100932432115262,0.04815874907503768,1.070559957787436,-0.17328150036074239,923,chronic late,MILD16,1.25,27.0
C_M16_2,no lesion,1.0,-0.03145808366521614,-0.05326643224379594,-0.2294493578792235,13259,chronic late,MILD16,1.25,27.0
C_M16_2,not scored,,0.5989444234149789,1.6596595811660384,-0.3813446522292887,1976,chronic late,MILD16,1.25,27.0
C_M16_3,S0: astro reactivity + oligo disease state,0.9821909585894959,0.37794884978472315,4.046719147038441,0.1286948775467709,294,chronic late,MILD16,1.25,27.0
C_M16_3,S1: monocyte-derived myeloid + microglia homeostasis loss,2.04611848711556,48.930109511541986,30.616514148738545,0.017790592574767887,53,chronic late,MILD16,1.25,27.0
C_M16_3,S2: fibrosis + myelinating oligo loss,1.2720902693258131,3.3533621921319057,8.22886897461793,0.3634426716898615,803,chronic late,MILD16,1.25,27.0
C_M16_3,S3: astro reactivity + MHC-II / IFN,0.8759669497750673,-0.017103803891555913,11.427522995989568,0.10683294773253467,207,chronic late,MILD16,1.25,27.0
C_M16_3,S4: monocyte-derived myeloid + oligo disease state,0.5548413024864156,0.49219237023615925,6.009583914378033,0.2017571243035421,85,chronic late,MILD16,1.25,27.0
C_M16_3,S5: infiltration + microglia homeostasis loss,0.9178492972880219,0.07937240203331913,3.630387243554409,-0.11283918075493213,440,chronic late,MILD16,1.25,27.0
C_M16_3,no lesion,1.0,-0.05384862472914556,-0.04686201135415862,-0.1836140915989577,9757,chronic late,MILD16,1.25,27.0
C_M16_3,not scored,,1.8280047881988728,1.3365473405333799,-0.1941001804456996,1346,chronic late,MILD16,1.25,27.0
C_NS_4,no lesion,1.0,-0.015100576020930616,-0.05524384418837568,-0.35584358483335593,3663,control,NONSYMPTOM,0.0,8.0
C_NS_4,not scored,,0.2198575673047852,0.33017912952514106,-0.6192931796939664,701,control,NONSYMPTOM,0.0,8.0
C_NS_5,no lesion,1.0,-0.020965361680287533,-0.047672474117083294,-0.7457992727958697,5604,control,NONSYMPTOM,0.0,8.0
C_NS_5,not scored,,0.19317220967470955,1.0720735651388695,-0.7813982497649994,1112,control,NONSYMPTOM,0.0,8.0
C_OS1_5,S0: astro reactivity + oligo disease state,0.7611416397831663,-0.11294163838031888,0.2569969105112802,-0.191595101888644,51,onset,OS1,0.25,10.0
C_OS1_5,S1: monocyte-derived myeloid + microglia homeostasis loss,0.8318403705488895,0.7584489403991223,9.928607348863775,-0.3790711036898359,239,onset,OS1,0.25,10.0
C_OS1_5,S2: fibrosis + myelinating oligo loss,0.9757270149462098,0.36844832897910085,1.4265824931614537,-0.5524315883629233,199,onset,OS1,0.25,10.0
C_OS1_5,S4: monocyte-derived myeloid + oligo disease state,0.7307227783338653,0.08533656457246953,4.66480474803193,-0.08612019256270498,70,onset,OS1,0.25,10.0
C_OS1_5,S5: infiltration + microglia homeostasis loss,0.8029388507594217,0.3200126556889607,0.8627374068505806,-0.4161448901663791,540,onset,OS1,0.25,10.0
C_OS1_5,no lesion,1.0,-0.01741758013846206,-0.08843053746317057,-0.7281680417735082,6162,onset,OS1,0.25,10.0
C_OS1_5,not scored,,0.5891691950354265,0.8843223628565049,-0.11562821573084522,935,onset,OS1,0.25,10.0
C_P1_4,S0: astro reactivity + oligo disease state,0.9989130623190833,-0.056043893009732657,0.13420342849815947,0.16119401618552054,2175,peak,PEAK1,2.5,13.0
C_P1_4,S1: monocyte-derived myeloid + microglia homeostasis loss,1.3917956889937662,0.9927544221389493,4.949794756946821,0.0535196386568695,3530,peak,PEAK1,2.5,13.0
C_P1_4,S2: fibrosis + myelinating oligo loss,0.7782603241114405,0.643801067818878,1.7688073291271516,0.13775866740010817,265,peak,PEAK1,2.5,13.0
C_P1_4,S3: astro reactivity + MHC-II / IFN,0.9422479924034686,-0.24320253239097955,0.3849794008582311,0.047670229907887426,444,peak,PEAK1,2.5,13.0
C_P1_4,S4: monocyte-derived myeloid + oligo disease state,1.144376211054325,0.0762931467065829,7.127657173442673,0.18806659974451273,1323,peak,PEAK1,2.5,13.0
C_P1_4,S5: infiltration + microglia homeostasis loss,,1.7834959520601308,14.909310982670716,0.24559521422354078,575,peak,PEAK1,2.5,13.0
C_P1_4,no lesion,1.0,-0.023458958690769572,-0.08262508336407147,0.1050928686384652,928,peak,PEAK1,2.5,13.0
C_P1_4,not scored,,0.039346294225665435,5.439273354305643,0.15707944175280653,1413,peak,PEAK1,2.5,13.0
C_P1_5,S0: astro reactivity + oligo disease state,0.545748567085593,-0.1490132500199902,0.07262676904583736,-0.086509481583839,2305,peak,PEAK1,3.0,15.0
C_P1_5,S1: monocyte-derived myeloid + microglia homeostasis loss,0.4304190072258803,1.51705414488845,2.269742222153443,0.1341763943051224,5715,peak,PEAK1,3.0,15.0
C_P1_5,S2: fibrosis + myelinating oligo loss,1.1166318960146395,3.9893789565314206,4.842003724704447,-0.35678902325245504,154,peak,PEAK1,3.0,15.0
C_P1_5,S3: astro reactivity + MHC-II / IFN,0.7586768407858961,-0.1619957591508019,-0.21928393092242005,-0.12782257692901053,1462,peak,PEAK1,3.0,15.0
C_P1_5,S4: monocyte-derived myeloid + oligo disease state,0.4883973100011417,0.005071897408422115,1.2479864078050165,-0.0326867800021568,2599,peak,PEAK1,3.0,15.0
C_P1_5,S5: infiltration + microglia homeostasis loss,0.7137317077516285,0.49898246245481637,7.019408862575599,-0.18557646654518434,387,peak,PEAK1,3.0,15.0
C_P1_5,no lesion,1.0,-0.12444482134631296,-0.2774064744119531,-0.41518006559296594,2010,peak,PEAK1,3.0,15.0
C_P1_5,not scored,,-0.06742184752391378,0.22672324345485134,-0.21031835859681075,1306,peak,PEAK1,3.0,15.0
C_P1_6,S0: astro reactivity + oligo disease state,0.8199911905979493,-0.10013868151618242,0.4539494317043903,-0.19270805102328978,2204,peak,PEAK1,3.25,15.0
C_P1_6,S1: monocyte-derived myeloid + microglia homeostasis loss,0.405040872539636,3.8072804347689315,16.41369639533972,0.2696154438928672,5971,peak,PEAK1,3.25,15.0
C_P1_6,S2: fibrosis + myelinating oligo loss,0.7973354802002526,0.9815117139244716,32.77334404876279,-0.5448480668197915,159,peak,PEAK1,3.25,15.0
C_P1_6,S3: astro reactivity + MHC-II / IFN,0.9207930480387962,-0.1315344520612168,0.012507765676689772,-0.2272997939074473,2223,peak,PEAK1,3.25,15.0
C_P1_6,S4: monocyte-derived myeloid + oligo disease state,0.5200900005292837,0.02994866586334079,7.062518662921443,-0.14787240962921527,2725,peak,PEAK1,3.25,15.0
C_P1_6,S5: infiltration + microglia homeostasis loss,0.8526775474490332,0.47777646058983697,0.22202510519190022,0.04126838577973536,569,peak,PEAK1,3.25,15.0
C_P1_6,no lesion,1.0,-0.05181859076882546,0.9953687360855683,-0.24874145151797017,1874,peak,PEAK1,3.25,15.0
C_P1_6,not scored,,0.33886880356659116,3.1686488366638272,-0.2619159361032772,1768,peak,PEAK1,3.25,15.0
C_S16_1,S0: astro reactivity + oligo disease state,1.0684219155648882,-0.020146133002858963,0.057497167473594096,-0.08766042372523514,1927,chronic late,SEVERE16,2.5,29.0
C_S16_1,S1: monocyte-derived myeloid + microglia homeostasis loss,1.661301258710092,0.6451124914096332,0.588675876970665,0.299148604034653,1945,chronic late,SEVERE16,2.5,29.0
C_S16_1,S2: fibrosis + myelinating oligo loss,1.2405245825610893,0.5657327295410857,1.5631168339461992,0.0023426338469009185,1354,chronic late,SEVERE16,2.5,29.0
C_S16_1,S3: astro reactivity + MHC-II / IFN,0.9683865336267032,-0.01659992557945729,-0.08445527475537032,-0.1475507510431254,1173,chronic late,SEVERE16,2.5,29.0
C_S16_1,S4: monocyte-derived myeloid + oligo disease state,1.290946167301208,0.04288203372439846,0.23178565276529872,0.02528799713576399,1911,chronic late,SEVERE16,2.5,29.0
C_S16_1,S5: infiltration + microglia homeostasis loss,1.0345999611068661,0.06558626957868902,0.07797167955119454,0.03613769038107956,898,chronic late,SEVERE16,2.5,29.0
C_S16_1,no lesion,1.0,-0.011091518016660017,-0.06960969575019255,-0.23026153477434713,6783,chronic late,SEVERE16,2.5,29.0
C_S16_1,not scored,,0.08372421486748602,0.3270242388839268,-0.3045297139124323,1689,chronic late,SEVERE16,2.5,29.0
C_S16_2,S0: astro reactivity + oligo disease state,1.2132289822551634,-0.040640276635441605,0.3706503948363939,-0.12940032655410214,2854,chronic late,SEVERE16,2.5,28.0
C_S16_2,S1: monocyte-derived myeloid + microglia homeostasis loss,0.8121207612455186,0.6841255436104396,3.0860861069253405,0.19694070099739502,874,chronic late,SEVERE16,2.5,28.0
C_S16_2,S2: fibrosis + myelinating oligo loss,1.1304120965421647,0.4596955826078267,2.9208874035435937,0.12280169794608996,4141,chronic late,SEVERE16,2.5,28.0
C_S16_2,S3: astro reactivity + MHC-II / IFN,1.016016044830418,-0.026568352139847505,-0.017966330960647554,-0.2830991808349442,1613,chronic late,SEVERE16,2.5,28.0
C_S16_2,S4: monocyte-derived myeloid + oligo disease state,1.0995929397000057,-0.03976826203656459,1.7881107648860999,-0.08590375405112105,936,chronic late,SEVERE16,2.5,28.0
C_S16_2,S5: infiltration + microglia homeostasis loss,0.8798972621221259,0.43360059594341455,0.594114297410834,-0.24833638353924448,1016,chronic late,SEVERE16,2.5,28.0
C_S16_2,no lesion,1.0,-0.013676895166577252,-0.03618340568207491,-0.3216695351718655,10541,chronic late,SEVERE16,2.5,28.0
C_S16_2,not scored,,0.6906203146474348,0.6391201855620225,-0.4614836863656775,1101,chronic late,SEVERE16,2.5,28.0
C_S16_3,S0: astro reactivity + oligo disease state,0.7464899364988398,-0.014771544815621424,0.4776577248038384,-0.10154941764202788,1465,chronic late,SEVERE16,2.5,28.0
C_S16_3,S1: monocyte-derived myeloid + microglia homeostasis loss,0.511975870595654,0.7899090439461253,0.9157275948015186,0.2624829647376077,643,chronic late,SEVERE16,2.5,28.0
C_S16_3,S2: fibrosis + myelinating oligo loss,0.5470564540460399,0.6882737424130441,1.4930366632848031,0.12621604990052032,1812,chronic late,SEVERE16,2.5,28.0
C_S16_3,S3: astro reactivity + MHC-II / IFN,0.8312102789062865,-0.039547388643528025,-0.2892546253981906,-0.0318168227243917,1033,chronic late,SEVERE16,2.5,28.0
C_S16_3,S4: monocyte-derived myeloid + oligo disease state,0.66831391192576,0.511872283767248,1.145081830220907,0.09612178982387348,896,chronic late,SEVERE16,2.5,28.0
C_S16_3,S5: infiltration + microglia homeostasis loss,0.8164826095603139,-0.14056106137667296,-0.11973212332686761,0.14364210295690652,1019,chronic late,SEVERE16,2.5,28.0
C_S16_3,no lesion,1.0,-0.036174176343233604,-0.34049319058358685,-0.2022935515226051,9509,chronic late,SEVERE16,2.5,28.0
C_S16_3,not scored,,0.6834214908338007,1.2761415749270673,-0.4239377841858776,1784,chronic late,SEVERE16,2.5,28.0
C_S30_1,S0: astro reactivity + oligo disease state,0.8233635451570889,0.02724528050233104,0.7226783430358757,0.0056715849896612665,963,chronic late,SEVERE30,2.5,41.0
C_S30_1,S1: monocyte-derived myeloid + microglia homeostasis loss,0.72634396401451,4.077011919148244,0.6501992156875643,0.3994939538239175,91,chronic late,SEVERE30,2.5,41.0
C_S30_1,S2: fibrosis + myelinating oligo loss,0.7173140703533109,2.333718981411013,1.4524931082423136,0.08886856493418482,2930,chronic late,SEVERE30,2.5,41.0
C_S30_1,S3: astro reactivity + MHC-II / IFN,0.8197465915468791,-0.0454636584124191,-0.1774537980917353,-0.07762248169943003,436,chronic late,SEVERE30,2.5,41.0
C_S30_1,S4: monocyte-derived myeloid + oligo disease state,1.0052741182167142,1.617240784857616,0.9851129280882077,0.12514703430450203,409,chronic late,SEVERE30,2.5,41.0
C_S30_1,S5: infiltration + microglia homeostasis loss,0.7495427969169619,-0.11713041685467362,-0.13688181578242642,-0.08395362574079386,603,chronic late,SEVERE30,2.5,41.0
C_S30_1,no lesion,1.0,-0.06039271633110611,-0.31676877421687955,-0.23048039041085014,8335,chronic late,SEVERE30,2.5,41.0
C_S30_1,not scored,,0.2710191280345223,-0.3308224841085436,-0.5856914327666665,1240,chronic late,SEVERE30,2.5,41.0
C_S30_2,S0: astro reactivity + oligo disease state,0.9907116528732859,0.07345916463473671,3.1246559228476922,0.1958872180689068,1389,chronic late,SEVERE30,2.25,41.0
C_S30_2,S1: monocyte-derived myeloid + microglia homeostasis loss,1.2307796893544019,2.0613793771276265,3.190853186758387,0.4511902285246593,732,chronic late,SEVERE30,2.25,41.0
C_S30_2,S2: fibrosis + myelinating oligo loss,1.205255504231666,3.160856199596157,4.283312770623858,0.4434974070587277,2632,chronic late,SEVERE30,2.25,41.0
C_S30_2,S3: astro reactivity + MHC-II / IFN,0.9541750948113811,-0.10918845430437514,-0.2317279043559871,0.12599779010020062,549,chronic late,SEVERE30,2.25,41.0
C_S30_2,S4: monocyte-derived myeloid + oligo disease state,1.2377303136824964,0.9573321609716656,1.900308940537612,0.3934360980577547,552,chronic late,SEVERE30,2.25,41.0
C_S30_2,S5: infiltration + microglia homeostasis loss,1.035970758537796,-0.14747728354017037,1.0974741566393924,0.06457578399480543,732,chronic late,SEVERE30,2.25,41.0
C_S30_2,no lesion,1.0,-0.04132237882207386,-0.06386965726893659,0.030578196247019702,7631,chronic late,SEVERE30,2.25,41.0
C_S30_2,not scored,,1.1348814467028128,0.35629752909682444,-0.2897761238774629,1602,chronic late,SEVERE30,2.25,41.0
RR_P1_5,S0: astro reactivity + oligo disease state,1.1937548610723117,-0.05382740422255277,-0.3352306629272327,0.18963258077795114,7811,peak,PEAK1,3.25,14.0
RR_P1_5,S1: monocyte-derived myeloid + microglia homeostasis loss,0.5595588122384622,0.6859442422325048,1.7575527807168885,0.0942298933883716,10896,peak,PEAK1,3.25,14.0
RR_P1_5,S2: fibrosis + myelinating oligo loss,1.0558308137571024,1.1549616068774942,3.3865758924375737,-0.06643573151716473,453,peak,PEAK1,3.25,14.0
RR_P1_5,S3: astro reactivity + MHC-II / IFN,0.932196169994961,-0.30407177528243173,-0.16919088382019604,0.2036379825071602,1389,peak,PEAK1,3.25,14.0
RR_P1_5,S4: monocyte-derived myeloid + oligo disease state,1.0523426410159884,-0.04001036475290189,0.34778715197355503,-0.1740817342670167,7981,peak,PEAK1,3.25,14.0
RR_P1_5,S5: infiltration + microglia homeostasis loss,0.7773455159460628,0.4657073932175616,2.5709118232435753,0.010192714173147249,2395,peak,PEAK1,3.25,14.0
RR_P1_5,no lesion,1.0,-0.09936213909620811,-0.2869959603742229,0.23252897757148053,463,peak,PEAK1,3.25,14.0
RR_P1_5,not scored,,-0.03181480109076551,-0.02429357013628068,-0.0853932218695988,3023,peak,PEAK1,3.25,14.0
RR_P2_4,S0: astro reactivity + oligo disease state,1.3009163666873813,-0.11124472989447093,-0.2449991404226383,0.2187221252092225,6465,peak,PEAK2,3.0,32.0
RR_P2_4,S1: monocyte-derived myeloid + microglia homeostasis loss,1.7647527190181453,2.5076989877710014,2.7262344229969937,0.18465965363935094,16950,peak,PEAK2,3.0,32.0
RR_P2_4,S2: fibrosis + myelinating oligo loss,1.3934363452405056,0.9693307661033913,1.7473014827691125,-0.11963357366224364,1155,peak,PEAK2,3.0,32.0
RR_P2_4,S3: astro reactivity + MHC-II / IFN,0.9343624696943948,-0.1445984661891572,-0.3712882215658593,0.1557616465397728,1148,peak,PEAK2,3.0,32.0
RR_P2_4,S4: monocyte-derived myeloid + oligo disease state,1.2855288608789186,0.2697633871471679,1.9870695040657085,-0.07091179831391677,6890,peak,PEAK2,3.0,32.0
RR_P2_4,S5: infiltration + microglia homeostasis loss,0.7623659529622893,0.25260827239317907,1.0092815935692616,-0.23806806641714306,3461,peak,PEAK2,3.0,32.0
RR_P2_4,no lesion,1.0,-0.13012084224126788,-0.450556287930922,0.12630215524603997,3146,peak,PEAK2,3.0,32.0
RR_P2_4,not scored,,-0.03608596830306539,0.5652035512551674,-0.2902127707715039,5469,peak,PEAK2,3.0,32.0
RR_P3_4,S0: astro reactivity + oligo disease state,0.848464984490062,0.037730753663425584,1.0390452804224677,-0.19262278852289003,2792,peak,PEAK3,2.25,49.0
RR_P3_4,S1: monocyte-derived myeloid + microglia homeostasis loss,0.7859943412278084,3.34350851357334,2.614156453166472,0.4093648764011356,1199,peak,PEAK3,2.25,49.0
RR_P3_4,S2: fibrosis + myelinating oligo loss,0.7317901941280645,2.4951187376779407,3.0324083654560043,0.12824968411684132,2752,peak,PEAK3,2.25,49.0
RR_P3_4,S3: astro reactivity + MHC-II / IFN,1.0063836769738121,-0.023539724833700246,-0.2043329580599901,0.19512607706991508,1062,peak,PEAK3,2.25,49.0
RR_P3_4,S4: monocyte-derived myeloid + oligo disease state,1.0148789081967755,0.5791740581231292,1.3546358423010407,0.289453808128828,2283,peak,PEAK3,2.25,49.0
RR_P3_4,S5: infiltration + microglia homeostasis loss,1.1058151422271094,0.13087567543420564,1.2419193391564294,0.32811238263867226,2031,peak,PEAK3,2.25,49.0
RR_P3_4,no lesion,1.0,-0.04106015964963063,-0.220927750059731,-0.09016058451039921,12264,peak,PEAK3,2.25,49.0
RR_P3_4,not scored,,0.5323424991822444,0.5229104799064537,-0.13142540221615095,2319,peak,PEAK3,2.25,49.0
RR_P3_5,S0: astro reactivity + oligo disease state,1.064402983576237,0.13607252193208047,1.32943816657572,-0.05348297586290806,1844,peak,PEAK3,2.5,49.0
RR_P3_5,S1: monocyte-derived myeloid + microglia homeostasis loss,1.3894040549129443,1.7715980605028236,1.0857645937024862,0.17104762298931903,294,peak,PEAK3,2.5,49.0
RR_P3_5,S2: fibrosis + myelinating oligo loss,1.2318671898206404,2.4440228695177426,1.9131296116210956,0.14150824664266454,4665,peak,PEAK3,2.5,49.0
RR_P3_5,S3: astro reactivity + MHC-II / IFN,1.0348710789311157,0.06036642009954893,0.12857892971077275,0.1424599178531566,874,peak,PEAK3,2.5,49.0
RR_P3_5,S4: monocyte-derived myeloid + oligo disease state,1.3188917534177507,1.2146855329792636,-0.07093748071460917,-0.06498671756074913,450,peak,PEAK3,2.5,49.0
RR_P3_5,S5: infiltration + microglia homeostasis loss,0.9168744332819299,0.7476191918232842,1.6491968741386271,0.22483920710651242,2813,peak,PEAK3,2.5,49.0
RR_P3_5,no lesion,1.0,-0.026671076347608232,-0.19969284995562098,-0.17104295936098163,14808,peak,PEAK3,2.5,49.0
RR_P3_5,not scored,,0.7925447391743543,-0.02397728232127663,-0.043906812229614345,1717,peak,PEAK3,2.5,49.0
RR_R1_4,S0: astro reactivity + oligo disease state,1.0953134468282555,-0.07724138523822689,0.2973258432792883,-0.25250586767530697,2482,recovery,REMISSION1,1.0,22.0
RR_R1_4,S1: monocyte-derived myeloid + microglia homeostasis loss,1.5662550723405575,3.4782343573305163,2.3393691140709647,0.06978144160475713,3044,recovery,REMISSION1,1.0,22.0
RR_R1_4,S2: fibrosis + myelinating oligo loss,1.4933419538147625,1.2500733494750857,2.3915956173158843,0.05084474651643649,2395,recovery,REMISSION1,1.0,22.0
RR_R1_4,S3: astro reactivity + MHC-II / IFN,1.1267489535009505,-0.08670525159501968,-0.47592757469052444,-0.1945030423001942,1657,recovery,REMISSION1,1.0,22.0
RR_R1_4,S4: monocyte-derived myeloid + oligo disease state,1.1293010090896953,0.4332795521721199,2.278207710524928,-0.04199113421577763,1580,recovery,REMISSION1,1.0,22.0
RR_R1_4,S5: infiltration + microglia homeostasis loss,1.0120881669878359,0.6406933207140189,1.18803679085219,0.13905843295787246,2338,recovery,REMISSION1,1.0,22.0
RR_R1_4,no lesion,1.0,-0.08220951711897295,-0.47328655020512483,-0.48233022320054325,13810,recovery,REMISSION1,1.0,22.0
RR_R1_4,not scored,,2.4620933180720344,-0.2234857528375212,-0.1442527289479198,4129,recovery,REMISSION1,1.0,22.0
RR_R1_6,S0: astro reactivity + oligo disease state,0.9702104634785919,-0.0307685194982807,0.9042469831809996,0.0985052925674632,879,recovery,REMISSION1,0.75,22.0
RR_R1_6,S1: monocyte-derived myeloid + microglia homeostasis loss,0.623516365424631,2.1075927954510245,4.520253069413792,0.3945959366709993,1324,recovery,REMISSION1,0.75,22.0
RR_R1_6,S2: fibrosis + myelinating oligo loss,0.814737687152059,0.7699155576225546,2.304189039025566,0.028431844489986695,1606,recovery,REMISSION1,0.75,22.0
RR_R1_6,S3: astro reactivity + MHC-II / IFN,1.0442149113577375,-0.0038781873549049977,-0.2252198661066058,-0.06683083312223617,1891,recovery,REMISSION1,0.75,22.0
RR_R1_6,S4: monocyte-derived myeloid + oligo disease state,0.7944351739818509,0.17796309392956172,1.435684899814024,0.08669774081713645,731,recovery,REMISSION1,0.75,22.0
RR_R1_6,S5: infiltration + microglia homeostasis loss,0.8372045088389637,-0.011891583156990338,0.3316931989335459,0.07059343435520893,1872,recovery,REMISSION1,0.75,22.0
RR_R1_6,no lesion,1.0,-0.024260159022628923,-0.3055201698434354,-0.33610198296357935,14723,recovery,REMISSION1,0.75,22.0
RR_R1_6,not scored,,0.28398064390593103,0.13407502036500438,0.20638087181698758,1489,recovery,REMISSION1,0.75,22.0
RR_R2_3,S0: astro reactivity + oligo disease state,1.0692170911007886,0.343514297535749,1.7050495513560262,-0.10883685021666088,983,recovery,REMISSION2,1.25,42.0
RR_R2_3,S1: monocyte-derived myeloid + microglia homeostasis loss,0.9452890503329031,3.1899756776820922,1.5360076714435085,-0.17200008426223615,121,recovery,REMISSION2,1.25,42.0
RR_R2_3,S2: fibrosis + myelinating oligo loss,1.2348476963781563,1.455919763608839,2.179354909846861,-0.057585163020770797,2313,recovery,REMISSION2,1.25,42.0
RR_R2_3,S3: astro reactivity + MHC-II / IFN,1.0467712326617833,0.047600014851261856,1.2144633121815611,-0.3120820846891441,630,recovery,REMISSION2,1.25,42.0
RR_R2_3,S4: monocyte-derived myeloid + oligo disease state,0.9519488686802666,0.547817491363396,1.2723468965294835,0.011458841185197789,132,recovery,REMISSION2,1.25,42.0
RR_R2_3,S5: infiltration + microglia homeostasis loss,0.9990886567037315,-0.0373058224465118,2.8162582811753674,0.2228284758095286,1062,recovery,REMISSION2,1.25,42.0
RR_R2_3,no lesion,1.0,-0.04803405629263121,-0.1537181601411352,-0.2524416784108786,17294,recovery,REMISSION2,1.25,42.0
RR_R2_3,not scored,,0.26275587972232584,0.4312455663079941,-0.5971617930383231,3619,recovery,REMISSION2,1.25,42.0
RR_R2_4,S0: astro reactivity + oligo disease state,1.1964911462909045,-0.005517961682169693,1.2160779477405523,-0.07938497903648628,1921,recovery,REMISSION2,1.25,47.0
RR_R2_4,S1: monocyte-derived myeloid + microglia homeostasis loss,1.462693254062514,5.487221303942416,7.126400762597254,0.1521859318610252,218,recovery,REMISSION2,1.25,47.0
RR_R2_4,S2: fibrosis + myelinating oligo loss,1.4695321102328653,2.8251919340351583,3.779465447731063,0.0909469490382188,4805,recovery,REMISSION2,1.25,47.0
RR_R2_4,S3: astro reactivity + MHC-II / IFN,1.1061725468312078,-0.03196440179178524,-0.03099303796223651,-0.1755566040381686,969,recovery,REMISSION2,1.25,47.0
RR_R2_4,S4: monocyte-derived myeloid + oligo disease state,1.175445499076735,0.4915167076475429,0.904780577622424,-0.3151746198482249,354,recovery,REMISSION2,1.25,47.0
RR_R2_4,S5: infiltration + microglia homeostasis loss,0.93907828285442,1.035305647975112,2.001316108507684,-0.1664454238825752,1570,recovery,REMISSION2,1.25,47.0
RR_R2_4,no lesion,1.0,-0.10488214915325253,-0.5294612026564183,-0.5099897232505964,17908,recovery,REMISSION2,1.25,47.0
RR_R2_4,not scored,,0.9448832666735686,0.3638805957122937,-0.2865777657286123,2094,recovery,REMISSION2,1.25,47.0
RR_R2_5,S0: astro reactivity + oligo disease state,0.8607182769257297,0.028895868744821848,0.8292966857560247,-0.019505578749611178,1178,recovery,REMISSION2,1.0,44.0
RR_R2_5,S1: monocyte-derived myeloid + microglia homeostasis loss,0.6500726553406946,0.5368317927742323,3.367302708064794,0.2344617630246962,581,recovery,REMISSION2,1.0,44.0
RR_R2_5,S2: fibrosis + myelinating oligo loss,0.857728494833429,2.293686411052568,2.5285719300535225,0.06989077217462543,2589,recovery,REMISSION2,1.0,44.0
RR_R2_5,S3: astro reactivity + MHC-II / IFN,0.9771590702162664,0.00435371391277703,-0.2487477955980078,0.16802417769450373,405,recovery,REMISSION2,1.0,44.0
RR_R2_5,S4: monocyte-derived myeloid + oligo disease state,0.8163217034446124,0.5438567627877878,2.31938077945499,0.09519747597865526,363,recovery,REMISSION2,1.0,44.0
RR_R2_5,S5: infiltration + microglia homeostasis loss,0.8944748102014377,-0.026661986601743813,0.8294541660855439,0.027592869763780625,1683,recovery,REMISSION2,1.0,44.0
RR_R2_5,no lesion,1.0,-0.011543747090489904,-0.2356038188477055,-0.1260680886159309,15300,recovery,REMISSION2,1.0,44.0
RR_R2_5,not scored,,0.1301933600398466,0.5414118276543719,-0.35623729829940715,2382,recovery,REMISSION2,1.0,44.0
