sample_name,new,old,run,arm,stage,group,score,day,cells
C_CFA_1,0.007610882687428921,0.049601959583588484,run1,chronic,MOG CFA,control,0.0,9.0,12584
C_CFA_2,0.008015122873345935,0.09262759924385633,run1,chronic,MOG CFA,control,0.0,9.0,14825
C_CFA_3,0.016594516594516596,0.08124098124098124,run1,chronic,MOG CFA,control,0.0,8.0,8595
C_CFA_4,0.014253980007404665,0.06386523509811182,run5,chronic,CFA,control,0.0,16.0,6009
C_CFA_6,0.009914225242285841,0.19661356800712934,run5,chronic,CFA,control,0.0,17.0,10553
C_L_1,0.24100179964007198,0.45200959808038393,run1,chronic,MILD30,chronic late,1.0,43.0,17386
C_L_2,0.24949763401827965,0.4877163414792247,run1,chronic,MILD30,chronic late,1.0,45.0,16803
C_L_3,0.4651575438219163,0.6737283578879449,run1,chronic,MILD30,chronic late,1.0,45.0,20340
C_L_4,0.298410072603621,0.461354654903042,run1,chronic,MILD30,chronic late,1.0,50.0,11905
C_L_5,0.3220156706099247,0.5006913504378553,run1,chronic,MILD30,chronic late,1.0,46.0,14115
C_M16_1,0.28284982935153585,0.555745164960182,run5,chronic,MILD16,chronic late,1.5,28.0,7786
C_M16_2,0.3281993975318239,0.640656884656496,run5,chronic,MILD16,chronic late,1.25,27.0,22732
C_M16_3,0.15999002659574468,0.4005152925531915,run5,chronic,MILD16,chronic late,1.25,27.0,13454
C_NS_1,0.0049839406357293165,0.0644589655554325,run1,chronic,NONSYMPTOM,control,0.0,9.0,9856
C_NS_2,0.006655768332554881,0.05569827183559085,run1,chronic,NONSYMPTOM,control,0.0,9.0,9206
C_NS_3,0.02410358565737052,0.07768924302788845,run1,chronic,NONSYMPTOM,control,0.0,9.0,11374
C_NS_4,0.013436692506459949,0.08372093023255814,run5,chronic,NONSYMPTOM,control,0.0,8.0,4639
C_NS_5,0.0033973161202649907,0.044674706981484624,run5,chronic,NONSYMPTOM,control,0.0,8.0,7166
C_OS1_1,0.3698898778096244,0.5892291446673706,run1,chronic,OS1,onset,0.5,14.0,16286
C_OS1_2,0.1340333539221742,0.32895085149563225,run1,chronic,OS1,onset,0.5,12.0,12814
C_OS1_3,0.39234298370510995,0.7030533143489954,run1,chronic,OS1,onset,0.5,12.0,16484
C_OS1_4,0.23014440433212996,0.4443441636582431,run1,chronic,OS1,onset,0.5,14.0,11678
C_OS1_5,0.15059844798106012,0.3539392345126924,run5,chronic,OS1,onset,0.25,10.0,8589
C_P1_1,0.8976459004654493,0.9940476190476191,run1,chronic,PEAK1,peak,3.0,16.0,26849
C_P1_2,0.7124186641454869,0.8805405706023024,run1,chronic,PEAK1,peak,3.0,18.0,19481
C_P1_3,0.710396558959295,0.8241187578682333,run1,chronic,PEAK1,peak,3.0,18.0,20718
C_P1_4,0.899330963830232,0.9998954630984738,run5,chronic,PEAK1,peak,2.5,13.0,11027
C_P1_5,0.8626035110963896,0.9519046041735674,run5,chronic,PEAK1,peak,3.0,15.0,16469
C_P1_6,0.8798184531211142,0.964374533698085,run5,chronic,PEAK1,peak,3.25,15.0,17934
C_S16_1,0.5736822795646325,0.7350495291671763,run5,chronic,SEVERE16,chronic late,2.5,29.0,18111
C_S16_2,0.5175287736473079,0.7561846805132955,run5,chronic,SEVERE16,chronic late,2.5,28.0,23844
C_S16_3,0.41959931848892545,0.6519593443393455,run5,chronic,SEVERE16,chronic late,2.5,28.0,18930
C_S30_1,0.38820519911504425,0.628387721238938,run5,chronic,SEVERE30,chronic late,2.5,41.0,15809
C_S30_2,0.46053884882296914,0.6685263301129405,run5,chronic,SEVERE30,chronic late,2.25,41.0,16414
RR_CFA_1,0.008076634109691961,0.08596293513648885,run2,RR,PLP CFA,control,0.0,33.0,17219
RR_CFA_2,0.00978249557706317,0.09605578103860964,run2,RR,PLP CFA,control,0.0,33.0,20472
RR_CFA_3,0.008771929824561403,0.08734602463605823,run3,RR,PLP CFA,control,0.0,33.0,20469
RR_MP_1,0.16820192557897476,0.3913609159510799,run2,RR,MONOPHASIC,recovery,0.5,33.0,20752
RR_MP_2,0.48937569355965643,0.6984916361842917,run2,RR,MONOPHASIC,recovery,0.75,33.0,26210
RR_MP_3,0.2070368110636567,0.43212324588163514,run3,RR,MONOPHASIC,recovery,0.75,32.0,21084
RR_MP_4,0.5303526448362721,0.7227539882451721,run3,RR,MONOPHASIC,recovery,0.5,33.0,26573
RR_OS1_1,0.35094117647058826,0.6024705882352941,run2,RR,ONSET1,onset,0.25,11.0,19810
RR_OS1_2,0.10464396284829722,0.36458204334365324,run3,RR,ONSET1,onset,0.25,15.0,17620
RR_OS2_1,0.3531167900644853,0.5829949844757583,run2,RR,ONSET2,onset,1.0,13.0,20108
RR_OS2_2,0.36873315363881404,0.645822102425876,run3,RR,ONSET2,onset,1.0,13.0,17967
RR_P1_1,0.9397647229685571,0.9700457483116695,run2,RR,PEAK1,peak,2.5,18.0,30141
RR_P1_2,0.9265034088477178,0.9985936592375187,run3,RR,PEAK1,peak,3.0,17.0,36463
RR_P1_3,0.8582664196005765,0.96994029236154,run3,RR,PEAK1,peak,2.25,18.0,26957
RR_P1_5,0.9849712730571515,0.9999395222255821,run6,RR,PEAK1,peak,3.25,14.0,36307
RR_P2M_1,0.5342631037297279,0.7298342737499557,run2,RR,PEAK2_MILD,peak,1.75,31.0,30405
RR_P2M_2,0.583121922101179,0.7546634830622295,run2,RR,PEAK2_MILD,peak,2.25,31.0,28556
RR_P2_3,0.780141569643755,0.9408579275132479,run3,RR,PEAK2,peak,2.75,33.0,27138
RR_P2_4,0.9212680929869876,0.996271748135874,run6,RR,PEAK2,peak,3.0,32.0,46783
RR_P3_1,0.6118779880142752,0.796916032590398,run2,RR,PEAK3,peak,2.5,48.0,33051
RR_P3_2,0.9339094174684117,0.9877414654977518,run3,RR,PEAK3,peak,3.0,48.0,42097
RR_P3_3,0.7928559935639582,0.9386645213193886,run3,RR,PEAK3,peak,3.0,38.0,35439
RR_P3_4,0.49179553771691653,0.6902372801322157,run5,RR,PEAK3,peak,2.25,49.0,27898
RR_P3_5,0.42172014429466487,0.6258211505600911,run6,RR,PEAK3,peak,2.5,49.0,28133
RR_R1_1,0.6887334050950843,0.8334678866164335,run2,RR,REMISSION1,recovery,0.5,20.0,24806
RR_R1_2,0.710410419790105,0.8359257871064468,run2,RR,REMISSION1,recovery,0.75,25.0,24059
RR_R1_3,0.5323433294886583,0.7278450595924645,run3,RR,REMISSION1,recovery,0.5,21.0,22584
RR_R1_4,0.4904607951113795,0.7352115678402672,run6,RR,REMISSION1,recovery,1.0,22.0,32487
RR_R1_6,0.3587118700265252,0.5994694960212201,run5,RR,REMISSION1,recovery,0.75,22.0,25724
RR_R2LONG_1,0.1364622641509434,0.39929245283018866,run3,RR,REMISSION2_LONG,recovery,0.75,48.0,23223
RR_R2_3,0.2312061620551659,0.5007960755626318,run6,RR,REMISSION2,recovery,1.25,42.0,27057
RR_R2_4,0.3540880503144654,0.5748777078965758,run6,RR,REMISSION2,recovery,1.25,47.0,30856
RR_R2_5,0.3042332613390929,0.5725269978401728,run5,RR,REMISSION2,recovery,1.0,44.0,25668
