cell,channel,n_peri,n_par,polarity_peri,polarity_par,p_magnitude,animals,cos_towards_vessel_peri,p_direction
MDM,dapi,2953,12423,0.16232256591320038,0.17905409634113312,0.0244140625,11,0.08309265986498164,0.0322265625
MDM,bnd,2953,12423,0.17730481922626495,0.1789034605026245,0.2060546875,11,-0.08310760483384066,0.2060546875
MDM,r18s,2953,12423,0.218869149684906,0.2045809030532837,0.2783203125,11,0.06378065336217774,0.001953125
MDM,smavim,2953,12423,0.2926397919654846,0.27950987219810486,0.6376953125,11,0.024690040318767738,0.46484375
Microglia,dapi,6564,16938,0.18385794758796692,0.187247596681118,0.2996123433113098,25,0.07900472990703121,1.233816146850586e-05
Microglia,bnd,6564,16938,0.16220517456531525,0.17062261700630188,0.1134914755821228,25,-0.02376121832242135,0.10731470584869385
Microglia,r18s,6564,16938,0.2051270604133606,0.20299062132835388,0.06670159101486206,25,0.04530787249349368,0.0014527440071105957
Microglia,smavim,6564,16938,0.33796529471874237,0.32551710307598114,0.00018787384033203125,25,0.10264300654830605,5.960464477539063e-08
T cell,dapi,4163,4688,0.17711615934967995,0.17371901124715805,0.5705966949462891,20,0.10841110092905079,9.5367431640625e-07
T cell,bnd,4163,4688,0.19482530653476715,0.19383321329951286,0.8983173370361328,20,-0.014354222963755216,0.3376598358154297
T cell,r18s,4163,4688,0.19736499339342117,0.19624320790171623,0.9854354858398438,20,0.1418670484623961,9.5367431640625e-07
T cell,smavim,4163,4688,0.30155251920223236,0.2841782793402672,0.00365447998046875,20,-0.0064941004953802854,0.9186935424804688
DC,dapi,3332,5612,0.18457379192113876,0.18980546295642853,0.20291709899902344,21,0.11071648410959496,0.00029277801513671875
DC,bnd,3332,5612,0.18859443068504333,0.18098489940166473,0.37372493743896484,21,-0.06295667186033017,0.01578044891357422
DC,r18s,3332,5612,0.20345140993595123,0.2009257897734642,0.1372833251953125,21,0.14535347579717228,1.33514404296875e-05
DC,smavim,3332,5612,0.29641714692115784,0.2840230166912079,0.6332969665527344,21,0.018423037464042502,0.11934185028076172
B cell,dapi,1540,901,0.17001280188560486,0.18393678590655327,0.2333984375,12,0.0462245883637008,0.09344482421875
B cell,bnd,1540,901,0.2055254653096199,0.20123665779829025,0.6220703125,12,0.02489456841950726,0.252227783203125
B cell,r18s,1540,901,0.19577152281999588,0.2191849760711193,0.38037109375,12,0.0972584400288739,0.001678466796875
B cell,smavim,1540,901,0.35063908994197845,0.3366221934556961,0.17626953125,12,0.02928349079268306,0.2978515625
