cell_type,cluster,n,frac,largest_image_share,largest_animal_share,lesion_minus_phys,p,q
Oligodendrocyte,0,20167,0.6722333333333333,0.07705657757723013,0.08677542519958348,-0.012117120465112485,0.9217147827148438,1.0
Oligodendrocyte,1,9833,0.32776666666666665,0.07546018509102004,0.08013830977321265,0.01211712046511243,0.9217147827148438,1.0
Myeloid,0,30000,1.0,0.13643333333333332,0.1503,0.0,,1.0
Neuron,0,30000,1.0,0.07413333333333333,0.0745,0.0,,1.0
Fibroblast,0,17175,0.5725,0.08075691411935954,0.08192139737991266,-0.01968109595987344,0.16495704650878906,0.4948711395263672
Fibroblast,1,12825,0.4275,0.11563352826510721,0.11157894736842106,0.019681095959873468,0.16495704650878906,0.4948711395263672
Astrocyte,0,30000,1.0,0.07726666666666666,0.0686,0.0,,1.0
Endothelial,0,29601,0.9867,0.08226073443464747,0.08172021215499477,-0.011932175005233414,0.0008918026969621409,0.009363928318102479
Endothelial,1,399,0.0133,0.15789473684210525,0.14035087719298245,0.01193217500523341,0.0008918026969621409,0.009363928318102479
Schwann cell,0,15136,0.7317026007928067,0.10821881606765328,0.10068710359408034,-0.008416449784256597,1.0,1.0
Schwann cell,1,3360,0.16242869573624674,0.11726190476190476,0.15416666666666667,0.01577651652651056,0.47490501403808594,1.0
Schwann cell,2,2190,0.10586870347094654,0.1278538812785388,0.1278538812785388,-0.008934417516563826,0.16495704650878906,0.4948711395263672
DC,0,16866,1.0,0.1280090122139215,0.16583659433179176,0.0,1.0,1.0
T cell,0,9227,0.5795490233025564,0.10675192370217838,0.197789097214696,-0.053113553113553036,0.123046875,0.4948711395263672
T cell,1,6694,0.42045097669744363,0.14251568568867642,0.23857185539288916,0.05311355311355309,0.123046875,0.4948711395263672
OPC,0,14242,1.0,0.08987501755371437,0.09500070214857465,0.0,,1.0
VSMC,0,9328,1.0,0.07954545454545454,0.06464408233276157,0.0,,1.0
B cell,0,2329,0.5120932277924363,0.20738514383855733,0.18806354658651783,,,1.0
B cell,1,2219,0.4879067722075638,0.2298332582244254,0.21721496169445698,,,1.0
Ependymal cell,0,2968,0.9870302627203192,0.06873315363881402,0.07008086253369272,0.0,,1.0
NK/DC,0,2046,1.0,0.1603128054740958,0.29960899315738027,,,1.0
