cell_type,linear_img_unique_median,nonlinear_img_unique_median,linear_PC1,nonlinear_PC1
Oligodendrocyte,0.017728448,0.053759098,0.35028052,0.3173108
Myeloid,0.015341312,0.059845984,0.040468216,0.13875777
Neuron,0.025892556,0.065399826,0.36056256,0.304987
Fibroblast,0.030354947,0.043349445,0.19820225,0.18876088
Astrocyte,0.02102521,0.07254952,0.41079825,0.39964682
Endothelial,0.035795122,0.060787767,0.27936578,0.27502304
Schwann cell,0.028993934,0.04291594,0.31176257,0.3436497
DC,0.021532178,0.050911248,0.06388873,0.15880257
T cell,0.010102212,0.02563104,0.20458919,0.18836468
OPC,0.028889656,0.04333061,0.1392557,0.19487453
VSMC,0.021209985,0.047480375,0.384103,0.38651353
B cell,0.0,0.0,0.45524222,0.47876012
Ependymal cell,0.0,0.0,0.0,0.0
NK/DC,0.0,0.0,0.40483505,0.27012956
