image,measure,worse,better,worse_stage,better_stage,score_diff,day_diff,vim_diff,concordant
run2_S1-B1_0054415,vim_contrast,RR_P2M_1,RR_R1_1,PEAK2_MILD,REMISSION1,1.25,11,4.147892638602961,False
run2_S1-B1_0054415,vim_inside,RR_P2M_1,RR_R1_1,PEAK2_MILD,REMISSION1,1.25,11,2.7832767938870746,False
run2_S1-B2_0054415,vim_contrast,RR_P2M_1,RR_R1_1,PEAK2_MILD,REMISSION1,1.25,11,4.147892638602961,False
run2_S1-B2_0054415,vim_inside,RR_P2M_1,RR_R1_1,PEAK2_MILD,REMISSION1,1.25,11,2.7832767938870746,False
run2_S1-B3_0054415,vim_contrast,RR_P2M_1,RR_R1_1,PEAK2_MILD,REMISSION1,1.25,11,4.147892638602961,False
run2_S1-B3_0054415,vim_inside,RR_P2M_1,RR_R1_1,PEAK2_MILD,REMISSION1,1.25,11,2.7832767938870746,False
run2_S2-B2_0054856,vim_contrast,RR_P2M_2,RR_MP_2,PEAK2_MILD,MONOPHASIC,1.5,-2,-0.511172176891554,True
run2_S2-B2_0054856,vim_inside,RR_P2M_2,RR_MP_2,PEAK2_MILD,MONOPHASIC,1.5,-2,-0.510873547437205,True
run2_S2-B3_0054856,vim_contrast,RR_P2M_2,RR_MP_2,PEAK2_MILD,MONOPHASIC,1.5,-2,-0.511172176891554,True
run2_S2-B3_0054856,vim_inside,RR_P2M_2,RR_MP_2,PEAK2_MILD,MONOPHASIC,1.5,-2,-0.510873547437205,True
run2_S2-T2_0054856,vim_contrast,RR_P3_1,RR_R1_2,PEAK3,REMISSION1,1.75,23,-1.4158133967811701,True
run2_S2-T2_0054856,vim_inside,RR_P3_1,RR_R1_2,PEAK3,REMISSION1,1.75,23,-1.4589600254725985,True
run3_S4-B2_0054723,vim_contrast,RR_P3_3,RR_MP_4,PEAK3,MONOPHASIC,2.5,5,-1.4454942535500999,True
run3_S4-B2_0054723,vim_inside,RR_P3_3,RR_MP_4,PEAK3,MONOPHASIC,2.5,5,-1.4970658789025797,True
run3_S4-T2_0054723,vim_contrast,RR_P2_3,RR_R1_3,PEAK2,REMISSION1,2.25,12,3.659606219249247,False
run3_S4-T2_0054723,vim_inside,RR_P2_3,RR_R1_3,PEAK2,REMISSION1,2.25,12,3.6634737297389774,False
run3_S4-T3_0054723,vim_contrast,RR_P2_3,RR_R1_3,PEAK2,REMISSION1,2.25,12,3.659606219249247,False
run3_S4-T3_0054723,vim_inside,RR_P2_3,RR_R1_3,PEAK2,REMISSION1,2.25,12,3.6634737297389774,False
run5_C2_G1_Bot_0088858,vim_contrast,C_S16_2,C_M16_1,SEVERE16,MILD16,1.0,0,0.08567324519234443,False
run5_C2_G1_Bot_0088858,vim_inside,C_S16_2,C_M16_1,SEVERE16,MILD16,1.0,0,0.1530377477425442,False
run5_C2_G1_Bot_0088858,vim_contrast,C_S30_2,C_M16_1,SEVERE30,MILD16,0.75,13,1.3286240133317486,False
run5_C2_G1_Bot_0088858,vim_inside,C_S30_2,C_M16_1,SEVERE30,MILD16,0.75,13,1.3456185550141382,False
run5_C2_G1_Bot_0088858,vim_contrast,C_S16_2,C_S30_2,SEVERE16,SEVERE30,0.25,-13,-1.242950768139404,True
run5_C2_G1_Bot_0088858,vim_inside,C_S16_2,C_S30_2,SEVERE16,SEVERE30,0.25,-13,-1.192580807271594,True
run5_C2_G1_Top_0088858,vim_contrast,C_S30_2,C_M16_2,SEVERE30,MILD16,1.0,14,-0.010877182320395029,True
run5_C2_G1_Top_0088858,vim_inside,C_S30_2,C_M16_2,SEVERE30,MILD16,1.0,14,-0.009485442533973654,True
run5_C2_G2_Mid_0088858,vim_contrast,C_S16_2,C_M16_3,SEVERE16,MILD16,1.25,1,-5.000278150345048,True
run5_C2_G2_Mid_0088858,vim_inside,C_S16_2,C_M16_3,SEVERE16,MILD16,1.25,1,-4.9507744999137895,True
run5_C2_G2_Top_0088858,vim_contrast,C_S16_1,C_M16_3,SEVERE16,MILD16,1.25,2,-5.891702116412729,True
run5_C2_G2_Top_0088858,vim_inside,C_S16_1,C_M16_3,SEVERE16,MILD16,1.25,2,-5.915051145222965,True
run5_C2_G3_Mid_0088870,vim_contrast,C_S16_3,C_M16_2,SEVERE16,MILD16,1.25,1,-1.177873772660515,True
run5_C2_G3_Mid_0088870,vim_inside,C_S16_3,C_M16_2,SEVERE16,MILD16,1.25,1,-1.1980680228752902,True
run5_S6-T1_0088870,vim_contrast,RR_R2_5,RR_R1_6,REMISSION2,REMISSION1,0.25,22,1.2303770163895136,False
run5_S6-T1_0088870,vim_inside,RR_R2_5,RR_R1_6,REMISSION2,REMISSION1,0.25,22,1.2564042908000945,False
run5_S6-T2_0088870,vim_contrast,RR_P3_4,RR_R1_6,PEAK3,REMISSION1,1.5,27,0.6992737197650347,False
run5_S6-T2_0088870,vim_inside,RR_P3_4,RR_R1_6,PEAK3,REMISSION1,1.5,27,0.7169441340115985,False
run5_S6-T2_0088870,vim_contrast,RR_P3_4,RR_R2_5,PEAK3,REMISSION2,1.25,5,-0.5311032966244789,True
run5_S6-T2_0088870,vim_inside,RR_P3_4,RR_R2_5,PEAK3,REMISSION2,1.25,5,-0.539460156788496,True
run5_S6-T2_0088870,vim_contrast,RR_R2_5,RR_R1_6,REMISSION2,REMISSION1,0.25,22,1.2303770163895136,False
run5_S6-T2_0088870,vim_inside,RR_R2_5,RR_R1_6,REMISSION2,REMISSION1,0.25,22,1.2564042908000945,False
run5_S6-T3_0088870,vim_contrast,RR_P3_4,RR_R2_5,PEAK3,REMISSION2,1.25,5,-0.5311032966244789,True
run5_S6-T3_0088870,vim_inside,RR_P3_4,RR_R2_5,PEAK3,REMISSION2,1.25,5,-0.539460156788496,True
run6_S5-B1_0085405,vim_contrast,RR_P2_4,RR_R1_4,PEAK2,REMISSION1,2.0,10,-0.44851805662926103,True
run6_S5-B1_0085405,vim_inside,RR_P2_4,RR_R1_4,PEAK2,REMISSION1,2.0,10,-0.40763873504198234,True
run6_S5-B1_0085405,vim_contrast,RR_P2_4,RR_R2_4,PEAK2,REMISSION2,1.75,-15,-1.7154845055783714,True
run6_S5-B1_0085405,vim_inside,RR_P2_4,RR_R2_4,PEAK2,REMISSION2,1.75,-15,-1.662176163846694,True
run6_S5-B1_0085405,vim_contrast,RR_R2_4,RR_R1_4,REMISSION2,REMISSION1,0.25,25,1.2669664489491104,False
run6_S5-B1_0085405,vim_inside,RR_R2_4,RR_R1_4,REMISSION2,REMISSION1,0.25,25,1.2545374288047118,False
run6_S5-B2_0085405,vim_contrast,RR_P2_4,RR_R1_4,PEAK2,REMISSION1,2.0,10,-0.44851805662926103,True
run6_S5-B2_0085405,vim_inside,RR_P2_4,RR_R1_4,PEAK2,REMISSION1,2.0,10,-0.40763873504198234,True
run6_S5-B2_0085405,vim_contrast,RR_P2_4,RR_R2_4,PEAK2,REMISSION2,1.75,-15,-1.7154845055783714,True
run6_S5-B2_0085405,vim_inside,RR_P2_4,RR_R2_4,PEAK2,REMISSION2,1.75,-15,-1.662176163846694,True
run6_S5-B2_0085405,vim_contrast,RR_R2_4,RR_R1_4,REMISSION2,REMISSION1,0.25,25,1.2669664489491104,False
run6_S5-B2_0085405,vim_inside,RR_R2_4,RR_R1_4,REMISSION2,REMISSION1,0.25,25,1.2545374288047118,False
run6_S5-B3_0085405,vim_contrast,RR_P2_4,RR_R1_4,PEAK2,REMISSION1,2.0,10,-0.44851805662926103,True
run6_S5-B3_0085405,vim_inside,RR_P2_4,RR_R1_4,PEAK2,REMISSION1,2.0,10,-0.40763873504198234,True
run6_S5-B3_0085405,vim_contrast,RR_P2_4,RR_R2_4,PEAK2,REMISSION2,1.75,-15,-1.7154845055783714,True
run6_S5-B3_0085405,vim_inside,RR_P2_4,RR_R2_4,PEAK2,REMISSION2,1.75,-15,-1.662176163846694,True
run6_S5-B3_0085405,vim_contrast,RR_R2_4,RR_R1_4,REMISSION2,REMISSION1,0.25,25,1.2669664489491104,False
run6_S5-B3_0085405,vim_inside,RR_R2_4,RR_R1_4,REMISSION2,REMISSION1,0.25,25,1.2545374288047118,False
run6_S5-T2_0085405,vim_contrast,RR_P3_5,RR_R2_3,PEAK3,REMISSION2,1.25,7,-0.2664238329123785,True
run6_S5-T2_0085405,vim_inside,RR_P3_5,RR_R2_3,PEAK3,REMISSION2,1.25,7,-0.2648775010759774,True
run6_S5-T3_0085405,vim_contrast,RR_P3_5,RR_R2_3,PEAK3,REMISSION2,1.25,7,-0.2664238329123785,True
run6_S5-T3_0085405,vim_inside,RR_P3_5,RR_R2_3,PEAK3,REMISSION2,1.25,7,-0.2648775010759774,True
