sample_name,"ring index, astrocyte vimentin","ring index, tissue vimentin",edge-zone astrocyte vimentin,core astrocyte vimentin,stage,arm,run
C_CFA_1,,,0.16357328655779363,2.288639258052945,MOG CFA,chronic,run1
C_CFA_2,,,0.5892649372335357,0.7092649070337386,MOG CFA,chronic,run1
C_CFA_3,,,0.7554115445904908,,MOG CFA,chronic,run1
C_CFA_4,,,-0.006711625834783957,0.817847709844644,CFA,chronic,run5
C_CFA_6,,,-0.2934788789655128,,CFA,chronic,run5
C_L_1,-0.41389211496173717,-0.6881984389675933,3.024568238429847,3.438460353391584,MILD30,chronic,run1
C_L_2,-0.6095648024088065,-1.4253467514895908,1.8046198775948226,2.414184680003629,MILD30,chronic,run1
C_L_3,-1.8439558090648738,-2.56863705056324,1.2485663203814779,3.0925221294463516,MILD30,chronic,run1
C_L_4,-6.640908389329342,-6.235134064250966,3.842428821339768,10.48333721066911,MILD30,chronic,run1
C_L_5,-2.563927681798231,-3.3936723345017232,4.806934138416834,7.370861820215064,MILD30,chronic,run1
C_M16_1,-1.2021324346384097,-0.24293546433711094,1.029611076980032,2.2317435116184416,MILD16,chronic,run5
C_M16_2,-2.085150437770822,-0.6393676555746712,0.9828603279766004,3.068010765747422,MILD16,chronic,run5
C_M16_3,-3.4787960492395786,-0.6420532233559366,4.295642604621921,7.7744386538615,MILD16,chronic,run5
C_NS_1,,,,,NONSYMPTOM,chronic,run1
C_NS_2,,,-0.21397572417179442,-0.2165093556193925,NONSYMPTOM,chronic,run1
C_NS_3,,0.3353891043081477,2.8728215279503777,0.5888341223877472,NONSYMPTOM,chronic,run1
C_NS_4,,,0.45394763878912797,7.704606311710895,NONSYMPTOM,chronic,run5
C_NS_5,,,,,NONSYMPTOM,chronic,run5
C_OS1_1,-1.012309458401692,-0.714870556278868,0.08508502551302874,1.0973944839147207,OS1,chronic,run1
C_OS1_2,-0.3929756177480397,0.6465887397922981,2.628720793266039,3.0216964110140787,OS1,chronic,run1
C_OS1_3,-1.9237413650760935,-0.29699905776218233,-0.4116323850712047,1.5121089800048888,OS1,chronic,run1
C_OS1_4,-0.7669805789737012,-0.9122712189639716,0.861296224365695,1.6282768033393962,OS1,chronic,run1
C_OS1_5,-4.090222988492382,-0.5432018789752764,0.09390280042137329,4.1841257889137555,OS1,chronic,run5
C_P1_1,-1.4189512442877075,-0.6114080036746694,0.7893716385998351,2.2083228828875425,PEAK1,chronic,run1
C_P1_2,-0.2806021954901001,-0.6401612241817535,3.2650036282025896,3.5456058236926897,PEAK1,chronic,run1
C_P1_3,-2.157856493466503,-0.4877330262245974,1.0422237606936615,3.2000802541601647,PEAK1,chronic,run1
C_P1_4,-0.7245368377273168,-0.18229418582028417,-0.023174296254893378,0.7013625414724234,PEAK1,chronic,run5
C_P1_5,-0.34864921912558433,-0.28972292553340984,-0.32053596396848594,0.02811325515709837,PEAK1,chronic,run5
C_P1_6,-0.26741898019946486,-0.4861780966284971,0.10805245687214808,0.37547143707161296,PEAK1,chronic,run5
C_S16_1,-0.17426132472873387,-0.04999480754096391,0.040413812362210116,0.214675137090944,SEVERE16,chronic,run5
C_S16_2,-2.076473049656056,-0.19424167393469613,0.3470647111076026,2.423537760763659,SEVERE16,chronic,run5
C_S16_3,-1.570707935524905,-0.29773393061284176,0.41193823122505807,1.982646166749963,SEVERE16,chronic,run5
C_S30_1,0.28910574827010205,-0.5264262860746868,1.5614611411727122,1.2723553929026101,SEVERE30,chronic,run5
C_S30_2,-2.19254341026396,-1.4282185435249766,0.7878970671198612,2.980440477383821,SEVERE30,chronic,run5
RR_CFA_1,,,4.42439409456549,4.14522221306116,PLP CFA,RR,run2
RR_CFA_2,,,0.8729774517486679,-0.44182022795221254,PLP CFA,RR,run2
RR_CFA_3,,,1.7277794201391092,0.44940926229591377,PLP CFA,RR,run3
RR_MP_1,-2.2599183677131203,0.3382708778772572,4.804858516887486,7.064776884600606,MONOPHASIC,RR,run2
RR_MP_2,-4.482600191295279,-3.1515075581574514,1.391726004181801,5.87432619547708,MONOPHASIC,RR,run2
RR_MP_3,-2.9123267024762773,-2.2939957582814374,3.4512313640526386,6.363558066528916,MONOPHASIC,RR,run3
RR_MP_4,-2.528181026534586,-1.548461383642702,1.1250180015637914,3.6531990280983777,MONOPHASIC,RR,run3
RR_OS1_1,0.1021163002590829,0.3022064342433226,0.0027218265041027015,-0.0993944737549802,ONSET1,RR,run2
RR_OS1_2,-1.382412857381098,-0.058096471304955044,1.4872383398272828,2.869651197208381,ONSET1,RR,run3
RR_OS2_1,-0.11789055482824706,0.09136678340066524,-0.23208416990717565,-0.11419361507892858,ONSET2,RR,run2
RR_OS2_2,-0.7194980184217601,-0.24076087375427596,-0.4578441142819322,0.26165390413982786,ONSET2,RR,run3
RR_P1_1,-0.6087397855315001,-0.45141031429932194,-0.3011626151380631,0.307577170393437,PEAK1,RR,run2
RR_P1_2,-1.3019437292968195,-0.45208399303728825,-0.3333743059342525,0.9685694233625669,PEAK1,RR,run3
RR_P1_3,-1.038274367273326,-0.26353826364952915,-0.5040874828253601,0.5341868844479658,PEAK1,RR,run3
RR_P1_5,-0.131528270221116,-0.11178101173688403,-0.13106332033503207,0.0004649498860839188,PEAK1,RR,run6
RR_P2M_1,-4.081481601102716,-3.4875126915585875,0.947256350083943,5.02873795118666,PEAK2_MILD,RR,run2
RR_P2M_2,-3.9868538252116483,-1.9940151442781207,1.0228823164896887,5.009736141701337,PEAK2_MILD,RR,run2
RR_P2_3,-4.161612252232031,-2.815704621443699,1.5310148413603666,5.692627093592398,PEAK2,RR,run3
RR_P2_4,-1.2662210080176313,-0.5277111413971091,-0.2986211157469868,0.9675998922706444,PEAK2,RR,run6
RR_P3_1,-2.1185663539293556,-3.2684621464740466,0.35768270119294077,2.476249055122296,PEAK3,RR,run2
RR_P3_2,-0.6120030716003203,-0.6044419449593144,0.24991032949631484,0.8619134010966352,PEAK3,RR,run3
RR_P3_3,-1.690112211187101,-1.1936503804186145,-0.08655286237045302,1.603559348816648,PEAK3,RR,run3
RR_P3_4,-0.7518507441010063,-0.6562077501904172,1.2292218338824767,1.981072577983483,PEAK3,RR,run5
RR_P3_5,-0.33798060174201394,-1.3070949407694017,1.2124913329004543,1.5504719346424682,PEAK3,RR,run6
RR_R1_1,-0.9206376562949868,-0.5736171073535674,-0.01483563915003774,0.9058020171449491,REMISSION1,RR,run2
RR_R1_2,-2.8894345126527243,-3.508162629284659,1.1984944405209497,4.087928953173674,REMISSION1,RR,run2
RR_R1_3,-1.1994714667605852,-0.5145240660907886,-0.18329666759640303,1.0161747991641823,REMISSION1,RR,run3
RR_R1_4,-1.9241960192056602,-1.2619057556429447,-0.03498472958277594,1.8892112896228843,REMISSION1,RR,run6
RR_R1_6,-1.6167886450766178,-0.26055938237874626,0.4891669877224223,2.10595563279904,REMISSION1,RR,run5
RR_R2LONG_1,-1.9883796302142782,0.3981150535746638,4.08174976770539,6.070129397919668,REMISSION2_LONG,RR,run3
RR_R2_3,-0.822665512782462,-0.3104259575952804,1.2872229722349906,2.1098884850174526,REMISSION2,RR,run6
RR_R2_4,-0.22771316669890673,-0.5477407366050966,2.002771549028063,2.23048471572697,REMISSION2,RR,run6
RR_R2_5,-1.3350929089385573,-0.7279993691640817,1.302991706120146,2.638084615058703,REMISSION2,RR,run5
