sample_name,vimentin: lesion − non-lesion astrocytes,DAPI: lesion − non-lesion astrocytes,non-lesion astrocyte vimentin (piece level),non-lesion DAPI (piece level),stage,arm
C_CFA_1,1.3578930179111866,0.06211561933373926,-0.285439103599584,-0.09950022286820785,MOG CFA,chronic
C_CFA_2,2.029019631749022,0.0989658853505616,-0.29899775435385395,-0.1460622685551522,MOG CFA,chronic
C_CFA_3,1.0348508786394586,-0.10826899118103256,-0.2290603715838691,-0.2334482249137017,MOG CFA,chronic
C_CFA_4,-0.039131776718608055,0.16969106184736815,-0.014283896524966937,0.1515042006998468,CFA,chronic
C_CFA_6,0.418980232008433,0.4660673436148479,-0.13685832615604654,-0.10308714887791076,CFA,chronic
C_L_1,3.0250421969512002,0.044141754990299764,-0.1946433199904192,-0.04301824213013327,MILD30,chronic
C_L_2,2.3285996280607644,-0.10504578419495772,-0.1152390490485094,-0.12994829323196197,MILD30,chronic
C_L_3,2.427957492042087,-0.1010145456815878,-0.09405810828117181,-0.20058622578047064,MILD30,chronic
C_L_4,7.900176299307842,-0.24355897428079348,0.018426177987700153,-0.09736444206725677,MILD30,chronic
C_L_5,6.631536680735383,-0.0838164035347243,-0.21547731025312059,-0.005663111059219451,MILD30,chronic
C_M16_1,0.96084753562026,-0.21826918150999883,-0.028730027245217806,0.1886327054735496,MILD16,chronic
C_M16_2,2.0741862656175436,0.025474873868614578,0.018569515903385653,-0.2481494703757758,MILD16,chronic
C_M16_3,5.461056365822634,-0.19450654821227914,0.0019773751937673598,-0.009119871897448456,MILD16,chronic
C_NS_1,1.8978226826002014,-0.31914616193846285,-0.3780232333317634,-0.05358977201480344,NONSYMPTOM,chronic
C_NS_2,0.11995333981125664,-0.35929225266069786,-0.23587086719267372,-0.13755657494180878,NONSYMPTOM,chronic
C_NS_3,1.4965830346417135,0.05172689514767198,-0.26629832746798726,-0.2374611391299088,NONSYMPTOM,chronic
C_NS_4,0.5144195805101779,0.07817917565871269,-0.036669559051818144,0.23617733573283287,NONSYMPTOM,chronic
C_NS_5,,,-0.13458210927677508,-0.17131429142722548,NONSYMPTOM,chronic
C_OS1_1,1.4234969201928824,0.0030926082974750413,-0.29640786219884896,-0.19524916519935315,OS1,chronic
C_OS1_2,3.726397911377073,-0.09886440437836638,-0.3260758668972037,-0.08701782623283834,OS1,chronic
C_OS1_3,0.6957966682904555,0.15482879208057299,-0.4069051022141284,-0.6023415980321136,OS1,chronic
C_OS1_4,1.5849906688047397,0.19442388868726418,-0.28890672392412114,-0.1656880888180674,OS1,chronic
C_OS1_5,0.9471866163330628,0.13641707533464165,-0.07126067133361573,-0.425342970685922,OS1,chronic
C_P1_1,1.7504447560654672,-0.029323697014207173,0.2826383993076187,-0.13241458952822416,PEAK1,chronic
C_P1_2,2.8835989750842512,-0.05851110743711435,0.3456237699126637,-0.2642549102519197,PEAK1,chronic
C_P1_3,2.1343168110742115,-0.14655883288644617,0.3855743420901192,-0.10379600949609655,PEAK1,chronic
C_P1_4,0.41164250194849045,0.09252526040397535,-0.0686461419475977,-0.22607227828641915,PEAK1,chronic
C_P1_5,0.3570646788997563,0.12913400022142896,-0.386624884014928,-0.46738496164818266,PEAK1,chronic
C_P1_6,0.18466503342912993,0.10212144228523723,0.10174433637623721,-0.3778603521364426,PEAK1,chronic
C_S16_1,0.1292855370695548,-0.10694121955744429,-0.028499851856755763,-0.07750992001757594,SEVERE16,chronic
C_S16_2,0.9704769426322595,-0.012254481425344688,0.07324682004749444,-0.3639868601194319,SEVERE16,chronic
C_S16_3,1.0658049583590512,0.19469620960660414,-0.0149946153358173,-0.1986985859897448,SEVERE16,chronic
C_S30_1,1.674949822533742,0.06955795061426784,-0.09894082823209524,-0.038994762399396955,SEVERE30,chronic
C_S30_2,2.203369277159622,0.14003453264366844,-0.008948513862207142,0.12780658917935897,SEVERE30,chronic
RR_CFA_1,2.2571935086736947,0.2760747037668153,-0.32186008808749955,-0.08179994711993635,PLP CFA,RR
RR_CFA_2,0.25394143732549507,0.19595220914125167,-0.3538708482304797,-0.13872782790433022,PLP CFA,RR
RR_CFA_3,2.6219150669338314,0.14723419498389595,-0.2061511896961901,-0.10818265501986249,PLP CFA,RR
RR_MP_1,5.159198014422929,0.10512226726804386,-0.40161331020032376,-0.14097963356356766,MONOPHASIC,RR
RR_MP_2,4.085180378807849,0.22498136787071316,-0.25333703064173263,-0.16187012214160929,MONOPHASIC,RR
RR_MP_3,5.045996367859902,0.059860584557461835,-0.047082012123666014,-0.06260433035976776,MONOPHASIC,RR
RR_MP_4,3.29947093037461,-0.1009760852279224,-0.38234607756472266,-0.20051637097271918,MONOPHASIC,RR
RR_OS1_1,0.4286533362430715,-0.03751398229531824,-0.3526439895702751,-0.14927529836499379,ONSET1,RR
RR_OS1_2,2.695026995841345,-0.3456726931968356,-0.34609002351638013,-0.10773698838248107,ONSET1,RR
RR_OS2_1,0.2163862840013124,0.021134270201952382,-0.3895411713040481,-0.12134682072422667,ONSET2,RR
RR_OS2_2,0.38208244308342537,0.032073106188253375,-0.5895261819138871,-0.22478433453805832,ONSET2,RR
RR_P1_1,0.47995534892409264,0.040594596143728734,-0.30253391271830793,-0.23220710519978416,PEAK1,RR
RR_P1_2,1.1025958925800656,0.08084169062763014,-0.417098079574688,-0.29192610058163226,PEAK1,RR
RR_P1_3,0.6772003215395664,0.032401542384956517,-0.5458772628802528,-0.43243016346988306,PEAK1,RR
RR_P1_5,0.25087189621813566,0.37777654781725045,-0.23855352921560977,-0.23591960378664292,PEAK1,RR
RR_P2M_1,3.0128305847131287,0.08395854197492075,0.02369994888261141,-0.16718963721857388,PEAK2_MILD,RR
RR_P2M_2,3.543161710825592,0.00945512342857252,-0.2227778893685086,-0.2529300331031061,PEAK2_MILD,RR
RR_P2_3,4.07998480810012,-0.09527065162699111,0.03647569344071473,-0.06809317198389303,PEAK2,RR
RR_P2_4,1.016575502111716,0.1428398011337777,-0.29972987078254665,-0.29791224589597143,PEAK2,RR
RR_P3_1,1.9399454238801366,0.19174553853676662,-0.3477787693600107,-0.3353697195339106,PEAK3,RR
RR_P3_2,1.0035497678956817,-0.07282733673000463,-0.3106138628325597,-0.2494338676745463,PEAK3,RR
RR_P3_3,1.6727528176200241,-0.2358211677793727,-0.46137845329163385,-0.21723001438016343,PEAK3,RR
RR_P3_4,1.924651158550709,-0.12067396617524348,0.040705766525439155,-0.04893047840433823,PEAK3,RR
RR_P3_5,1.468802336427839,-0.013880412293550526,-0.007647050645313215,-0.19023088433648933,PEAK3,RR
RR_R1_1,0.4881717330216518,0.0074092656296849135,0.020059779259346468,-0.2777498673386946,REMISSION1,RR
RR_R1_2,3.2146361945514763,0.14324840442987796,-0.1950930078068692,-0.27576552536058363,REMISSION1,RR
RR_R1_3,0.8230715509609972,-0.05787495824753952,-0.31579150329689815,-0.19682644489510587,REMISSION1,RR
RR_R1_4,1.258501413185293,0.16042099630615714,-0.30604476964226934,-0.33129305230539463,REMISSION1,RR
RR_R1_6,1.4346830617405375,0.0782486453322041,-0.008012815497522606,-0.23236787274420642,REMISSION1,RR
RR_R2LONG_1,4.80823471305615,-0.026925778540398126,-0.15121334068432285,-0.08677797155520309,REMISSION2_LONG,RR
RR_R2_3,1.695026199445136,-0.03573309801926938,0.008085120517295808,-0.19732256436869916,REMISSION2,RR
RR_R2_4,2.6534007071360657,0.053835184720788076,-0.33728386017499346,-0.2249479573484488,REMISSION2,RR
RR_R2_5,2.418980517399059,-0.008905735579243068,0.014271693553424846,-0.14848939259890592,REMISSION2,RR
