cells,measure,animals,median_cos,share_positive,p
T cell (all),vs outline centre (original),54,0.1723048529915308,0.9814814814814815,1.7198462727875594e-10
T cell (all),relative to own nucleus,54,0.0470108198617008,0.8518518518518519,9.009257545143114e-07
T cell (all),relative to own nucleus → matched non-vessel neighbour,54,-0.032114835158801064,0.2962962962962963,0.0009599170395382286
CD4 T,vs outline centre (original),53,0.17089781797631162,0.9811320754716981,2.8340500719682455e-10
CD4 T,relative to own nucleus,53,0.04217592556131965,0.7924528301886793,1.8663174238102164e-05
CD4 T,relative to own nucleus → matched non-vessel neighbour,53,-0.031883320901875796,0.3018867924528302,0.004942574884617813
B cell,vs outline centre (original),36,0.13320954837848337,0.9166666666666666,2.561137080192566e-09
B cell,relative to own nucleus,36,0.08255349524714628,0.6944444444444444,0.0031202131940517575
B cell,relative to own nucleus → matched non-vessel neighbour,36,-0.04091341779360354,0.25,0.000546065391972661
DC,vs outline centre (original),51,0.15404644608451434,0.9411764705882353,1.4019139660245744e-09
DC,relative to own nucleus,51,0.027514560149162245,0.6666666666666666,0.0036634509103836204
DC,relative to own nucleus → matched non-vessel neighbour,51,-0.02994916523017581,0.23529411764705882,0.0006450185012453993
MDM,vs outline centre (original),38,0.11051153862895122,0.9736842105263158,1.4551915228366852e-11
MDM,relative to own nucleus,38,0.02236930259338408,0.6842105263157895,0.027359080158930738
MDM,relative to own nucleus → matched non-vessel neighbour,38,-0.033945259251894885,0.39473684210526316,0.0413728777639335
Microglia,vs outline centre (original),67,0.06582738897279958,0.8805970149253731,5.417777317662181e-11
Microglia,relative to own nucleus,67,-8.829625386979337e-05,0.4925373134328358,0.9950159301980438
Microglia,relative to own nucleus → matched non-vessel neighbour,67,-0.014002951252500314,0.34328358208955223,0.005986422687948604
Fibroblast,vs outline centre (original),67,0.19102188938857498,1.0,1.1197003099219975e-12
Fibroblast,relative to own nucleus,67,0.05363219125332049,0.8955223880597015,2.533205822080386e-09
Fibroblast,relative to own nucleus → matched non-vessel neighbour,67,-0.03746483928021275,0.23880597014925373,2.556925924938953e-07
Neuron (control),vs outline centre (original),67,-0.008097190319546468,0.43283582089552236,0.23775528461035322
Neuron (control),relative to own nucleus,67,-0.042970748130322416,0.13432835820895522,7.91118344140965e-10
Neuron (control),relative to own nucleus → matched non-vessel neighbour,67,-0.09048343880860639,0.029850746268656716,3.750703711270751e-12
Oligodendrocyte (control),vs outline centre (original),67,0.001496829088782551,0.5223880597014925,0.21383743088823914
Oligodendrocyte (control),relative to own nucleus,67,-0.0471941570052596,0.11940298507462686,1.1705029741160214e-09
Oligodendrocyte (control),relative to own nucleus → matched non-vessel neighbour,67,-0.009097747209057703,0.44776119402985076,0.03316284600258238
