cells,n_cells,animals,median_cos,share_positive,p
T cell (all),12378,54,0.1723048529915308,0.9814814814814815,1.7198462727875594e-10
CD4 T,10056,53,0.17089781797631162,0.9811320754716981,2.8340500719682455e-10
CD8 T,450,3,0.07044297879514255,0.6666666666666666,
B cell,4682,36,0.13320954837848337,0.9166666666666666,2.561137080192566e-09
MDM,7417,38,0.11051153862895122,0.9736842105263158,1.4551915228366852e-11
Microglia,16323,67,0.06582738897279958,0.8805970149253731,5.417777317662181e-11
DC,11270,51,0.15404644608451434,0.9411764705882353,1.4019139660245744e-09
NK/DC,2608,34,0.15110646045366438,0.9411764705882353,5.820766091346741e-10
Neutrophil,37,0,,,
Fibroblast,29385,67,0.19102188938857498,1.0,1.1197003099219975e-12
Astrocyte,19964,67,0.036845984995613035,0.8507462686567164,8.558548171449558e-10
Neuron (control),30466,67,-0.008097190319546468,0.43283582089552236,0.23775528461035322
Oligodendrocyte (control),31179,67,0.001496829088782551,0.5223880597014925,0.21383743088823914
